pkg,conflicts
acl,xfsacl
attr,xfsattr
binutils,binutils-multilib
btrfs-progs,btrfs-progs-unstable
ca-certificates,ca-certificates-cacert
ca-certificates-utils,ca-certificates-java
cryptsetup,mkinitcpio
dbus,libdbus
dbus-broker-units,dbus-daemon-units
dbus-daemon-units,dbus-broker-units
dmraid,mkinitcpio
gcc-go,go
grub,grub-bios
grub,grub-common
grub,grub-efi-x86_64
grub,grub-emu
grub,grub-legacy
iptables-nft,iptables
iptables-nft,arptables
iptables-nft,ebtables
iputils,arping
iputils,netkit-base
kbd,vlock
libnghttp2,nghttp2
libtool,libltdl
libtool,libtool-multilib
libverto,krb5
libverto,libverto-libevent
lvm2,lvm
lvm2,mkinitcpio
man-db,man
mdadm,mkinitcpio
pkgconf,pkg-config
procps-ng,procps
procps-ng,sysvinit-tools
s-nail,mailx
s-nail,mailx-heirloom
s-nail,heirloom-mailx
systemd,nss-myhostname
systemd,systemd-tools
systemd,udev
systemd-libs,libsystemd
systemd-resolvconf,resolvconf
systemd-sysvcompat,sysvinit
systemd-ukify,mkinitcpio
util-linux,rfkill
util-linux,hardlink
util-linux-libs,libutil-linux
wireless-regdb,crda
9base,plan9port
9base,9rc-devel
abiword,abiword-plugins
acme,plan9port
acpi_call,acpi_call-dkms
acpi_call-dkms,acpi_call
acpi_call-lts,acpi_call-dkms
acpica,iasl
acpilight,xorg-xbacklight
afl++,afl
afl++,aflplusplus
aircrack-ng,aircrack-ng-scripts
analitza,analitza5
ant,apache-ant
ant-doc,apache-ant-doc
apache,mod_proxy_uwsgi
appstream-glib,appdata-tools
appstream-qt5,appstream-qt
apptainer,singularity-container
arrow,parquet-cpp
aspell-pt,aspell-pt_br
aspnet-runtime,aspnet-runtime-8.0
aspnet-targeting-pack,aspnet-targeting-pack-8.0
at-spi2-core,at-spi2-atk
at-spi2-core,atk
atril,atril-gtk3
attica5,attica
authoscope,badtouch
babel-cli,nodejs-babel-cli
babel-cli,openbabel
baidupcs-go,baidupcs
baloo,baloo5
banner,sysvbanner
bbswitch-dkms,bbswitch
bc,bc-readline
beanshell,beanshell2
bind,bind-tools
bind,dnsutils
blas-openblas,blas
blas-openblas,cblas
blas-openblas,lapack
blas-openblas,lapacke
blas-openblas,openblas-lapack
blas64-openblas,blas64
blas64-openblas,cblas64
blas64-openblas,lapack64
blas64-openblas,lapacke64
bluez-qt5,bluez-qt
bogofilter-db,bogofilter-kyotocabinet
bogofilter-db,bogofilter-lmdb
bogofilter-db,bogofilter-sqlite
bogofilter-kyotocabinet,bogofilter
bogofilter-kyotocabinet,bogofilter-db
bogofilter-kyotocabinet,bogofilter-lmdb
bogofilter-kyotocabinet,bogofilter-sqlite
bogofilter-lmdb,bogofilter
bogofilter-lmdb,bogofilter-db
bogofilter-lmdb,bogofilter-kyotocabinet
bogofilter-lmdb,bogofilter-sqlite
bogofilter-sqlite,bogofilter
bogofilter-sqlite,bogofilter-db
bogofilter-sqlite,bogofilter-kyotocabinet
bogofilter-sqlite,bogofilter-lmdb
boinc-nox,boinc
breeze5,breeze
breezy,bzr
broadcom-wl-dkms,broadcom-wl
btrfs-heatmap,python-btrfs-heatmap
bubblewrap-suid,bubblewrap
bullet-dp,bullet
caja,caja-gtk3
caja-image-converter,caja-image-converter-gtk3
caja-open-terminal,caja-open-terminal-gtk3
caja-sendto,caja-sendto-gtk3
caja-share,caja-share-gtk3
caja-wallpaper,caja-wallpaper-gtk3
calibre,calibre-common
calibre,calibre-python3
cardinal-standalone,cardinal-jack
cargo-show-asm,cargo-asm
catch2,catch2-v2
catch2-v2,catch2
ccls,ccls-git
cdemu-client,cdemu
cdrtools,cdrkit
charm,charm-tool
clang,clang-analyzer
clang,clang-tools-extra
clash-ghc,clash
cockatrice,cockatrice-client
cockatrice,cockatrice-server
codec2,freedv
coffeescript,coffee-script
coq,coq-nox
cpupower,cpufrequtils
cronie,cron
dart-sass,ruby-sass
dbeaver,dbeaver-plugin-sshj-lib
deepin-account-faces,dde-account-faces
deepin-anything-dkms,DEEPIN-ANYTHING-MODULE
deepin-control-center,dde-control-center
deepin-control-center,dde-dock-applets
deepin-daemon,dde-daemon
deepin-desktop-schemas,deepin-artwork-themes
deepin-file-manager,deepin-desktop
deepin-icon-theme,deepin-cursor-theme
deepin-launchpad,deepin-launcher
deepin-screen-recorder,deepin-screenshot
deepin-session-shell,deepin-session-ui
deepin-shell,deepin-dock
deepin-sound-theme,deepin-artwork
deepin-terminal-gtk,deepin-terminal
deepin-terminal-gtk,deepin-terminal-old
distro-info,python-distro-info
distro-info,perl-distro-info
dleyna,dleyna-connector-dbus
dleyna,dleyna-core
dleyna,dleyna-renderer
dleyna,dleyna-server
dma,smtp-forwarder
dnssec-tools,libval
dnssec-tools,libval_shim
dnssec-tools,libsres
docbook5-xml,docbook5-schemas
dos2unix,hd2u
dotnet-runtime,dotnet-runtime-8.0
dotnet-sdk,dotnet-sdk-8.0
dotnet-targeting-pack,dotnet-targeting-pack-8.0
doublecmd-gtk2,doublecmd-qt5
doublecmd-gtk2,doublecmd-qt6
doublecmd-qt5,doublecmd-gtk2
doublecmd-qt5,doublecmd-qt6
doublecmd-qt6,doublecmd-gtk2
doublecmd-qt6,doublecmd-qt5
dragonfly-reverb-standalone,dragonfly-reverb-jack
drone,drone-oss
drone-oss,drone
dropbear-scp,openssh
dtools,ddemangle
dtools,dustmite
dtools,rdmd
edk2-aarch64,edk2-armvirt
edk2-ovmf,ovmf
emacs-nativecomp,emacs
emacs-nox,emacs
emacs-wayland,emacs
emscripten,binaryen
endeavour,gnome-todo
engrampa,engrampa-gtk3
enter-tex,gnome-latex
eom,eom-gtk3
erlang,erlang-nox
erlang-nox,erlang
esbonio,python-esbonio
eslint-language-server,vscode-eslint-language-server
espeak-ng,espeak-ng-espeak
espeak-ng,espeak
espflash,cargo-espflash
ettercap-gtk,ettercap
exfat-utils,fuse-exfat
exfatprogs,exfat-utils
exim,smtp-server
exim,smtp-forwarder
eza,exa
facter,libwhereami
facter,cpp-hocon
facter,leatherman
farstream,farsight2
fcitx,fcitx-gtk2
fcitx,fcitx-gtk3
fcitx-mozc,mozc
fcitx-mozc,mozc-server
fcitx-mozc,mozc-utils-gui
fcitx-mozc,mozc-fcitx
fcitx-mozc,fcitx5-mozc
fcitx5,fcitx
fcitx5-chinese-addons,fcitx
fcitx5-configtool,kcm-fcitx5
fcitx5-mozc,mozc
fcitx5-mozc,mozc-server
fcitx5-mozc,mozc-utils-gui
fcitx5-mozc,mozc-fcitx
fcitx5-mozc,fcitx-mozc
fcitx5-nord,fcitx5-nord-dark
fcron,dcron
feeluown,feeluown-local
fig2dev,transfig
firrtl,firrtl
fontconfig,fontconfig-docs
foomatic-db,foomatic-db-foo2zjs
frameworkintegration5,frameworkintegration
freeglut,glut
fuse2,fuse
futuresql,futuresql-qt6
fwbuilder,libfwbuilder
gambas3-dev-tools,gambas3-devel
gambas3-ide,gambas3-examples
gap,gap-doc
gcolor3,gcolor3-xorg
gearmand,gearman
gedit,gedit-code-assistance
geoclue,geoclue2
ghc-libs,haskell-ghci
gimp-nufraw,gimp-ufraw
ginkgo-hpc-cuda,ginkgo-hpc
ginkgo-hpc-hip,ginkgo-hpc
girara,girara-gtk3
girara,girara-common
gitlab,gitlab-workhorse
gmic,cimg
gnome-builder,gnome-builder-clang
gnome-builder,gnome-builder-flatpak
gnome-notes,bijiben
gnome-themes-extra,gnome-themes-standard
gnu-efi,gnu-efi-libs
go-ethereum,geth
go-yq,yq
gptfdisk,gdisk
gradle7,gradle
gradle7-doc,gradle-doc
gradle7-src,gradle-src
gtest,gmock
gtk-engines,lighthouse-gtk2
gtk-engines,clearlooks-gtk2
gtk2-compat,gtk2
gtk3,gtk3-print-backends
guitarix,guitarix2
gvim,vim-minimal
gvim,vim
handlr-regex,handlr
haskell-cairo,gtk2hs-cairo
haskell-glib,gtk2hs-glib
haskell-gtk2hs-buildtools,gtk2hs-buildtools
haskell-gtk3,gtk2hs-gtk
haskell-gtk3,haskell-gtk
haskell-pango,gtk2hs-pango
haskell-tidal,tidalcycles
hdf5-openmpi,hdf5
hdf5-openmpi,hdf5-openmpi-java
hlint,haskell-hlint
hsa-amd-aqlprofile-bin,hsa-amd-aqlprofile
httpie,python-httpie
hunspell-en_au,hunspell-en_AU
hunspell-en_ca,hunspell-en_CA
hunspell-en_gb,hunspell-en_GB
hunspell-en_us,hunspell-en_US
hunspell-es_any,hunspell-es
hunspell-es_ar,hunspell-es
hunspell-es_bo,hunspell-es
hunspell-es_cl,hunspell-es
hunspell-es_co,hunspell-es
hunspell-es_cr,hunspell-es
hunspell-es_cu,hunspell-es
hunspell-es_do,hunspell-es
hunspell-es_ec,hunspell-es
hunspell-es_es,hunspell-es
hunspell-es_gt,hunspell-es
hunspell-es_hn,hunspell-es
hunspell-es_mx,hunspell-es
hunspell-es_ni,hunspell-es
hunspell-es_pa,hunspell-es
hunspell-es_pe,hunspell-es
hunspell-es_pr,hunspell-es
hunspell-es_py,hunspell-es
hunspell-es_sv,hunspell-es
hunspell-es_uy,hunspell-es
hunspell-es_ve,hunspell-es
imv,renameutils
incus-tools,lxd
intel-gmmlib,gmmlib
intel-graphics-compiler,intel-opencl-clang
intel-oneapi-common,intel-oneapi-basekit
intel-oneapi-compiler-dpcpp-cpp-runtime,intel-oneapi-basekit
intel-oneapi-compiler-dpcpp-cpp-runtime-libs,intel-oneapi-basekit
intel-oneapi-compiler-shared,intel-oneapi-basekit
intel-oneapi-compiler-shared-runtime,intel-oneapi-basekit
intel-oneapi-compiler-shared-runtime-libs,intel-oneapi-basekit
intel-oneapi-dev-utilities,intel-oneapi-basekit
intel-oneapi-dpcpp-cpp,intel-oneapi-basekit
intel-oneapi-dpcpp-debugger,intel-oneapi-basekit
intel-oneapi-mkl,intel-mkl
intel-oneapi-mkl,intel-mkl-static
intel-oneapi-mkl,intel-oneapi-basekit
intel-oneapi-mkl-sycl,intel-oneapi-basekit
intel-oneapi-openmp,intel-oneapi-basekit
intel-oneapi-tbb,intel-oneapi-basekit
intel-oneapi-tcm,intel-oneapi-basekit
iotop-c,iotop
jack2,jack
jami-qt,jami-gnome
jami-qt,jami-libclient
jdk-openjdk,jre-openjdk
jdk-openjdk,jre-openjdk-headless
jdk11-openjdk,jre11-openjdk
jdk11-openjdk,jre11-openjdk-headless
jdk17-openjdk,jre17-openjdk
jdk17-openjdk,jre17-openjdk-headless
jdk21-openjdk,jre21-openjdk
jdk21-openjdk,jre21-openjdk-headless
jenkins,jenkins-ci
joyutils,linuxconsole
jre-openjdk,jdk-openjdk
jre-openjdk,jre-openjdk-headless
jre-openjdk-headless,jdk-openjdk
jre-openjdk-headless,jre-openjdk
jre11-openjdk,jdk11-openjdk
jre11-openjdk,jre11-openjdk-headless
jre11-openjdk-headless,jdk11-openjdk
jre11-openjdk-headless,jre11-openjdk
jre17-openjdk,jdk17-openjdk
jre17-openjdk,jre17-openjdk-headless
jre17-openjdk-headless,jdk17-openjdk
jre17-openjdk-headless,jre17-openjdk
jre21-openjdk,jdk21-openjdk
jre21-openjdk,jre21-openjdk-headless
jre21-openjdk-headless,jdk21-openjdk
jre21-openjdk-headless,jre21-openjdk
jupyter-collaboration,jupyter-server-ydoc
jupyter-console,jupyter_console
jupyterlab-pygments,jupyterlab_pygments
kactivities-stats5,kactivities-stats
kactivities5,kactivities
kakoune-lsp,kak-lsp
karchive5,karchive
kate,kwrite
kauth5,kauth
kbookmarks5,kbookmarks
kcalendarcore5,kcalendarcore
kcmutils5,kcmutils
kcodecs5,kcodecs
kcolorpicker,kcolorpicker-qt6
kcompletion5,kcompletion
kconfig5,kconfig
kconfigwidgets5,kconfigwidgets
kcontacts5,kcontacts
kcoreaddons5,kcoreaddons
kcrash5,kcrash
kdbusaddons5,kdbusaddons
kdeclarative5,kdeclarative
kded5,kded
kdesdk-kio,kdesdk-kioslaves
kdesu5,kdesu
kdiagram5,kdiagram
kdnssd5,kdnssd
kdoctools5,kdoctools
kdsoap-qt5,kdsoap
kernel-hardening-checker,kconfig-hardened-check
kgamma,kgamma5
kglobalaccel5,kglobalaccel
kguiaddons5,kguiaddons
kholidays5,kholidays
ki18n5,ki18n
kiconthemes5,kiconthemes
kidentitymanagement5,kidentitymanagement
kidletime5,kidletime
kimageannotator,kimageannotator-qt6
kimageformats5,kimageformats
kio-zeroconf,zeroconf-ioslave
kio5,kio
kirigami-addons5,kirigami-addons
kitemmodels5,kitemmodels
kitemviews5,kitemviews
kjobwidgets5,kjobwidgets
knewstuff5,knewstuff
knotifications5,knotifications
knotifyconfig5,knotifyconfig
kodi,kodi-gles
kodi-gles,kodi
konsolepart5,konsole
kpackage5,kpackage
kparts5,kparts
kpimtextedit5,kpimtextedit
kplotting5,kplotting
kpty5,kpty
kquickimageeditor5,kquickimageeditor
ksanecore5,ksanecore
kservice5,kservice
ktextaddons5,ktextaddons
ktexteditor5,ktexteditor
ktextwidgets5,ktextwidgets
kubo,go-ipfs
kunitconversion5,kunitconversion
kuserfeedback,kuserfeedback5
kwallet5,kwallet
kwayland5,kwayland
kwidgetsaddons5,kwidgetsaddons
kwindowsystem5,kwindowsystem
kxmlgui5,kxmlgui
lazarus-gtk2,lazarus-gtk3
lazarus-gtk2,lazarus-qt5
lazarus-gtk2,lazarus-qt6
lazarus-gtk3,lazarus-gtk2
lazarus-gtk3,lazarus-qt5
lazarus-gtk3,lazarus-qt6
lazarus-qt5,lazarus-gtk2
lazarus-qt5,lazarus-gtk3
lazarus-qt5,lazarus-qt6
lazarus-qt6,lazarus-gtk2
lazarus-qt6,lazarus-gtk3
lazarus-qt6,lazarus-qt5
lhasa,lha
lib32-rust-libs,lib32-rust
libakonadi5,libakonadi
libblockdev,libblockdev-utils
libblockdev-fs,libblockdev-tools
libblockdev-lvm,libblockdev-lvm-dbus
libblockdev-lvm,libblockdev-tools
libcamera-tools,libcamera-tests
libfilteraudio,filter_audio
libfm-gtk2,lxshortcut
libfm-gtk3,libfm-gtk2
libfm-gtk3,lxshortcut
libgedit-amtk,amtk
libgedit-tepl,tepl
libjpeg6-turbo,libjpeg6
libkcddb,libkcddb5
libkexiv2-qt5,libkexiv2
libkiwix,kiwix-lib
libksane5,libksane
libkscreen5,libkscreen
libldm,ldmtool
libmatekbd,libmatekbd-gtk3
libmateweather,libmateweather-gtk3
libmemcached-awesome,libmemcached
libpaper,paper
libphobos,libphobos-devel
libplasma,plasma-framework
libproxy,libproxy-webkit
libqaccessibilityclient-qt5,libqaccessibilityclient
libqt5xdg,libqtxdg
libquvi,quvi
libratbag,ratbagd
libratbag,liblur
libre,re
libre,librem
librecad,librecad-git
libreoffice-fresh,libreoffice-still
libreoffice-fresh-af,libreoffice-af
libreoffice-fresh-am,libreoffice-am
libreoffice-fresh-ar,libreoffice-ar
libreoffice-fresh-as,libreoffice-as
libreoffice-fresh-ast,libreoffice-ast
libreoffice-fresh-be,libreoffice-be
libreoffice-fresh-bg,libreoffice-bg
libreoffice-fresh-bn,libreoffice-bn
libreoffice-fresh-bn-in,libreoffice-bn-IN
libreoffice-fresh-bo,libreoffice-bo
libreoffice-fresh-br,libreoffice-br
libreoffice-fresh-brx,libreoffice-brx
libreoffice-fresh-bs,libreoffice-bs
libreoffice-fresh-ca,libreoffice-ca
libreoffice-fresh-ca-valencia,libreoffice-ca-valencia
libreoffice-fresh-ckb,libreoffice-ckb
libreoffice-fresh-cs,libreoffice-cs
libreoffice-fresh-cy,libreoffice-cy
libreoffice-fresh-da,libreoffice-da
libreoffice-fresh-de,libreoffice-de
libreoffice-fresh-dgo,libreoffice-dgo
libreoffice-fresh-dsb,libreoffice-dsb
libreoffice-fresh-dz,libreoffice-dz
libreoffice-fresh-el,libreoffice-el
libreoffice-fresh-en-gb,libreoffice-en-GB
libreoffice-fresh-en-za,libreoffice-en-ZA
libreoffice-fresh-eo,libreoffice-eo
libreoffice-fresh-es,libreoffice-es
libreoffice-fresh-et,libreoffice-et
libreoffice-fresh-eu,libreoffice-eu
libreoffice-fresh-fa,libreoffice-fa
libreoffice-fresh-fi,libreoffice-fi
libreoffice-fresh-fr,libreoffice-fr
libreoffice-fresh-fur,libreoffice-fur
libreoffice-fresh-fy,libreoffice-fy
libreoffice-fresh-ga,libreoffice-ga
libreoffice-fresh-gd,libreoffice-gd
libreoffice-fresh-gl,libreoffice-gl
libreoffice-fresh-gu,libreoffice-gu
libreoffice-fresh-gug,libreoffice-gug
libreoffice-fresh-he,libreoffice-he
libreoffice-fresh-hi,libreoffice-hi
libreoffice-fresh-hr,libreoffice-hr
libreoffice-fresh-hsb,libreoffice-hsb
libreoffice-fresh-hu,libreoffice-hu
libreoffice-fresh-id,libreoffice-id
libreoffice-fresh-is,libreoffice-is
libreoffice-fresh-it,libreoffice-it
libreoffice-fresh-ja,libreoffice-ja
libreoffice-fresh-ka,libreoffice-ka
libreoffice-fresh-kab,libreoffice-kab
libreoffice-fresh-kk,libreoffice-kk
libreoffice-fresh-km,libreoffice-km
libreoffice-fresh-kmr-latn,libreoffice-kmr-Latn
libreoffice-fresh-kn,libreoffice-kn
libreoffice-fresh-ko,libreoffice-ko
libreoffice-fresh-kok,libreoffice-kok
libreoffice-fresh-ks,libreoffice-ks
libreoffice-fresh-lb,libreoffice-lb
libreoffice-fresh-lo,libreoffice-lo
libreoffice-fresh-lt,libreoffice-lt
libreoffice-fresh-lv,libreoffice-lv
libreoffice-fresh-mai,libreoffice-mai
libreoffice-fresh-mk,libreoffice-mk
libreoffice-fresh-ml,libreoffice-ml
libreoffice-fresh-mn,libreoffice-mn
libreoffice-fresh-mni,libreoffice-mni
libreoffice-fresh-mr,libreoffice-mr
libreoffice-fresh-my,libreoffice-my
libreoffice-fresh-nb,libreoffice-nb
libreoffice-fresh-ne,libreoffice-ne
libreoffice-fresh-nl,libreoffice-nl
libreoffice-fresh-nn,libreoffice-nn
libreoffice-fresh-nr,libreoffice-nr
libreoffice-fresh-nso,libreoffice-nso
libreoffice-fresh-oc,libreoffice-oc
libreoffice-fresh-om,libreoffice-om
libreoffice-fresh-or,libreoffice-or
libreoffice-fresh-pa-in,libreoffice-pa-IN
libreoffice-fresh-pl,libreoffice-pl
libreoffice-fresh-pt,libreoffice-pt
libreoffice-fresh-pt-br,libreoffice-pt-BR
libreoffice-fresh-ro,libreoffice-ro
libreoffice-fresh-ru,libreoffice-ru
libreoffice-fresh-rw,libreoffice-rw
libreoffice-fresh-sa-in,libreoffice-sa-IN
libreoffice-fresh-sat,libreoffice-sat
libreoffice-fresh-sd,libreoffice-sd
libreoffice-fresh-sdk,libreoffice-still-sdk
libreoffice-fresh-si,libreoffice-si
libreoffice-fresh-sid,libreoffice-sid
libreoffice-fresh-sk,libreoffice-sk
libreoffice-fresh-sl,libreoffice-sl
libreoffice-fresh-sq,libreoffice-sq
libreoffice-fresh-sr,libreoffice-sr
libreoffice-fresh-sr-latn,libreoffice-sr-Latn
libreoffice-fresh-ss,libreoffice-ss
libreoffice-fresh-st,libreoffice-st
libreoffice-fresh-sv,libreoffice-sv
libreoffice-fresh-sw-tz,libreoffice-sw-TZ
libreoffice-fresh-szl,libreoffice-szl
libreoffice-fresh-ta,libreoffice-ta
libreoffice-fresh-te,libreoffice-te
libreoffice-fresh-tg,libreoffice-tg
libreoffice-fresh-th,libreoffice-th
libreoffice-fresh-tn,libreoffice-tn
libreoffice-fresh-tr,libreoffice-tr
libreoffice-fresh-ts,libreoffice-ts
libreoffice-fresh-tt,libreoffice-tt
libreoffice-fresh-ug,libreoffice-ug
libreoffice-fresh-uk,libreoffice-uk
libreoffice-fresh-uz,libreoffice-uz
libreoffice-fresh-ve,libreoffice-ve
libreoffice-fresh-vec,libreoffice-vec
libreoffice-fresh-vi,libreoffice-vi
libreoffice-fresh-xh,libreoffice-xh
libreoffice-fresh-zh-cn,libreoffice-zh-CN
libreoffice-fresh-zh-tw,libreoffice-zh-TW
libreoffice-fresh-zu,libreoffice-zu
libreoffice-still,libreoffice-fresh
libreoffice-still-af,libreoffice-af
libreoffice-still-am,libreoffice-am
libreoffice-still-ar,libreoffice-ar
libreoffice-still-as,libreoffice-as
libreoffice-still-ast,libreoffice-ast
libreoffice-still-be,libreoffice-be
libreoffice-still-bg,libreoffice-bg
libreoffice-still-bn,libreoffice-bn
libreoffice-still-bn-in,libreoffice-bn-IN
libreoffice-still-bo,libreoffice-bo
libreoffice-still-br,libreoffice-br
libreoffice-still-brx,libreoffice-brx
libreoffice-still-bs,libreoffice-bs
libreoffice-still-ca,libreoffice-ca
libreoffice-still-ca-valencia,libreoffice-ca-valencia
libreoffice-still-ckb,libreoffice-ckb
libreoffice-still-cs,libreoffice-cs
libreoffice-still-cy,libreoffice-cy
libreoffice-still-da,libreoffice-da
libreoffice-still-de,libreoffice-de
libreoffice-still-dgo,libreoffice-dgo
libreoffice-still-dsb,libreoffice-dsb
libreoffice-still-dz,libreoffice-dz
libreoffice-still-el,libreoffice-el
libreoffice-still-en-gb,libreoffice-en-GB
libreoffice-still-en-za,libreoffice-en-ZA
libreoffice-still-eo,libreoffice-eo
libreoffice-still-es,libreoffice-es
libreoffice-still-et,libreoffice-et
libreoffice-still-eu,libreoffice-eu
libreoffice-still-fa,libreoffice-fa
libreoffice-still-fi,libreoffice-fi
libreoffice-still-fr,libreoffice-fr
libreoffice-still-fur,libreoffice-fur
libreoffice-still-fy,libreoffice-fy
libreoffice-still-ga,libreoffice-ga
libreoffice-still-gd,libreoffice-gd
libreoffice-still-gl,libreoffice-gl
libreoffice-still-gu,libreoffice-gu
libreoffice-still-gug,libreoffice-gug
libreoffice-still-he,libreoffice-he
libreoffice-still-hi,libreoffice-hi
libreoffice-still-hr,libreoffice-hr
libreoffice-still-hsb,libreoffice-hsb
libreoffice-still-hu,libreoffice-hu
libreoffice-still-id,libreoffice-id
libreoffice-still-is,libreoffice-is
libreoffice-still-it,libreoffice-it
libreoffice-still-ja,libreoffice-ja
libreoffice-still-ka,libreoffice-ka
libreoffice-still-kab,libreoffice-kab
libreoffice-still-kk,libreoffice-kk
libreoffice-still-km,libreoffice-km
libreoffice-still-kmr-latn,libreoffice-kmr-Latn
libreoffice-still-kn,libreoffice-kn
libreoffice-still-ko,libreoffice-ko
libreoffice-still-kok,libreoffice-kok
libreoffice-still-ks,libreoffice-ks
libreoffice-still-lb,libreoffice-lb
libreoffice-still-lo,libreoffice-lo
libreoffice-still-lt,libreoffice-lt
libreoffice-still-lv,libreoffice-lv
libreoffice-still-mai,libreoffice-mai
libreoffice-still-mk,libreoffice-mk
libreoffice-still-ml,libreoffice-ml
libreoffice-still-mn,libreoffice-mn
libreoffice-still-mni,libreoffice-mni
libreoffice-still-mr,libreoffice-mr
libreoffice-still-my,libreoffice-my
libreoffice-still-nb,libreoffice-nb
libreoffice-still-ne,libreoffice-ne
libreoffice-still-nl,libreoffice-nl
libreoffice-still-nn,libreoffice-nn
libreoffice-still-nr,libreoffice-nr
libreoffice-still-nso,libreoffice-nso
libreoffice-still-oc,libreoffice-oc
libreoffice-still-om,libreoffice-om
libreoffice-still-or,libreoffice-or
libreoffice-still-pa-in,libreoffice-pa-IN
libreoffice-still-pl,libreoffice-pl
libreoffice-still-pt,libreoffice-pt
libreoffice-still-pt-br,libreoffice-pt-BR
libreoffice-still-ro,libreoffice-ro
libreoffice-still-ru,libreoffice-ru
libreoffice-still-rw,libreoffice-rw
libreoffice-still-sa-in,libreoffice-sa-IN
libreoffice-still-sat,libreoffice-sat
libreoffice-still-sd,libreoffice-sd
libreoffice-still-sdk,libreoffice-fresh-sdk
libreoffice-still-si,libreoffice-si
libreoffice-still-sid,libreoffice-sid
libreoffice-still-sk,libreoffice-sk
libreoffice-still-sl,libreoffice-sl
libreoffice-still-sq,libreoffice-sq
libreoffice-still-sr,libreoffice-sr
libreoffice-still-sr-latn,libreoffice-sr-Latn
libreoffice-still-ss,libreoffice-ss
libreoffice-still-st,libreoffice-st
libreoffice-still-sv,libreoffice-sv
libreoffice-still-sw-tz,libreoffice-sw-TZ
libreoffice-still-szl,libreoffice-szl
libreoffice-still-ta,libreoffice-ta
libreoffice-still-te,libreoffice-te
libreoffice-still-tg,libreoffice-tg
libreoffice-still-th,libreoffice-th
libreoffice-still-tn,libreoffice-tn
libreoffice-still-tr,libreoffice-tr
libreoffice-still-ts,libreoffice-ts
libreoffice-still-tt,libreoffice-tt
libreoffice-still-ug,libreoffice-ug
libreoffice-still-uk,libreoffice-uk
libreoffice-still-uz,libreoffice-uz
libreoffice-still-ve,libreoffice-ve
libreoffice-still-vec,libreoffice-vec
libreoffice-still-vi,libreoffice-vi
libreoffice-still-xh,libreoffice-xh
libreoffice-still-zh-cn,libreoffice-zh-CN
libreoffice-still-zh-tw,libreoffice-zh-TW
libreoffice-still-zu,libreoffice-zu
librime-data,brise
libsigc++,libsigc++2.0
libsigc++-docs,libsigc++2.0-docs
libudev0-shim,libudev0
libva-nvidia-driver,libva-vdpau-driver
libvpl,onevpl
libxml++2.6,libxml++2
libxmlrpc,xmlrpc-c
limesuite,soapylms7
linux-tools-meta,acpidump
liquid-dsp-sse4.1,liquid-dsp
lirc,lirc-utils
lite-xl,lite
localsearch,tracker3-miners
log4cxx,log4cxx-svn
lttng-ust2.12,lttng-ust
lua-zlib,lua-lzlib
lua51-expat,luaexpat
lua51-sec,luasec
lua51-socket,luasocket
lua51-zlib,lua51-lzlib
lua52-zlib,lua52-lzlib
lua53-sdl2,lua-sdl2
lua53-zlib,lua53-lzlib
luanti,minetest
luanti-common,minetest-common
luanti-server,minetest-server
luit,xorg-luit
lxappearance-gtk3,lxappearance
lxappearance-obconf-gtk3,lxappearance-obconf
lxdm-gtk3,lxdm
lxhotkey-gtk3,lxhotkey
lxinput-gtk3,lxinput
lxlauncher-gtk3,lxlauncher
lxpanel-gtk3,lxpanel
lxqt-build-tools-qt5,lxqt-build-tools
lxrandr-gtk3,lxrandr
lxsession,lxpolkit
lxsession-gtk3,lxpolkit
lxsession-gtk3,lxsession
lxtask-gtk3,lxtask
lxterminal,lxterminal-gtk3
lychee,lychee-link-checker
lychee,lychee-rs
mailcap,mime-types
mailman3,mailman
mame,sdlmame
mandoc,man
mangohud,mangohud-common
mangohud,mangohud-common-wayland
mangohud,mangohud-common-x11
mangohud,mangoapp
mangohud,mangohud-x11
mangohud,mangohud-wayland
marco,marco-gtk3
mariadb,mysql
mariadb-clients,mysql-clients
mariadb-libs,libmysqlclient
mariadb-libs,libmariadbclient
mariadb-libs,mariadb-connector-c
mariadb-lts,mariadb
mariadb-lts,mysql
mariadb-lts-clients,mariadb-clients
mariadb-lts-clients,mysql-clients
mariadb-lts-libs,mariadb-libs
mariadb-lts-libs,libmysqlclient
mariadb-lts-libs,libmariadbclient
mariadb-lts-libs,mariadb-connector-c
master_me-standalone,master_me-jack
mate-applets,mate-applets-gtk3
mate-applets,mate-netspeed
mate-applets,mate-netspeed-gtk3
mate-control-center,mate-control-center-gtk3
mate-desktop,mate-desktop-gtk3
mate-desktop,mate-desktop-schemas
mate-media,mate-media-gtk3
mate-netbook,mate-netbook-gtk3
mate-notification-daemon,mate-notification-daemon-gtk3
mate-panel,mate-panel-gtk3
mate-polkit,mate-polkit-gtk3
mate-screensaver,mate-screensaver-gtk3
mate-session-manager,mate-session-manager-gtk3
mate-settings-daemon,mate-settings-daemon-gtk3
mate-system-monitor,mate-system-monitor-gtk3
mate-terminal,mate-terminal-gtk3
mate-user-share,mate-user-share-gtk3
mate-utils,mate-utils-gtk3
materia-gtk-theme,materia-theme
mbedtls,polarssl
med-openmpi,med
mediathekview,mediathek
merkuro,kalendar
mesa,libva-mesa-driver
mesa,mesa-libgl
mesa,mesa-vdpau
mesa-amber,mesa
mingw-w64-winpthreads,mingw-w64-headers-bootstrap
miopen-hip,miopen
mitmproxy,pathod
mkinitcpio-systemd-tool,mkinitcpio-dropbear
mkinitcpio-systemd-tool,mkinitcpio-tinyssh
mkinitcpio-tinyssh,mkinitcpio-dropbear
molecule-plugins,molecule-containers
molecule-plugins,molecule-docker
molecule-plugins,molecule-podman
molecule-plugins,molecule-vagrant
mongo-c-driver,libbson
mongo-c-driver,libmongoc
monitoring-plugins,nagios-plugins
mono,monodoc
mono-msbuild,msbuild
mono-msbuild-sdkresolver,msbuild-sdkresolver
moosefs,mfs-chunkserver
moosefs,mfs-client
moosefs,mfs-master
mozo,mozo-gtk3
msmtp-mta,smtp-forwarder
mtr-gtk,mtr
mumble-server,murmur
mupdf-gl,mupdf
mutter46,mutter
nautilus-python,python-nautilus
ndiswrapper-dkms,NDISWRAPPER-MODULE
netcdf-fortran-openmpi,netcdf-fortran
netcdf-openmpi,netcdf
netstandard-targeting-pack,netstandard-targeting-pack-2.1
networkmanager-l2tp,networkmanager-l2tp-gtk3
networkmanager-l2tp,networkmanager-l2tp-gtk4
networkmanager-qt5,networkmanager-qt
new-session-manager,non-session-manager
nextcloud-client,nextcloud-client-cloudproviders
nginx-mainline,nginx
nginx-mainline-src,nginx-src
nim,nimble
nm-connection-editor,libnm-gtk
nodejs-lts-hydrogen,nodejs
nodejs-lts-iron,nodejs
nss-pam-ldapd,pam_ldap
ntfs-3g,ntfsprogs
nullmailer,smtp-forwarder
nullmailer,smtp-server
nut,network-ups-tools
nvidia-dkms,NVIDIA-MODULE
nvidia-dkms,nvidia
nvidia-open,NVIDIA-MODULE
nvidia-open-dkms,nvidia-open
nvidia-open-dkms,NVIDIA-MODULE
nvidia-utils,nvidia-libgl
ocl-icd,libcl
okularpart5,okular
onetbb,intel-tbb
onetbb,tbb
onnxruntime-opt,onnxruntime
onnxruntime-opt-rocm,onnxruntime
onnxruntime-rocm,onnxruntime
openbsd-netcat,gnu-netcat
opencl-clover-mesa,opencl-mesa
opencl-rusticl-mesa,opencl-mesa
opencv-cuda,opencv
openjade,jade
openmotif,lesstif
openntpd,ntp
openresolv,resolvconf
openscenegraph,openthreads
opensmtpd,smtp-server
opensmtpd,smtp-forwarder
orbiton-nano,nano
otf-droid-nerd,nerd-fonts-droid-sans-mono
otf-firamono-nerd,nerd-fonts-fira-mono
otf-hasklig-nerd,nerd-fonts-hasklig
otf-hermit-nerd,nerd-fonts-hermit
otf-ipaexfont,ttf-ipaex
otf-montserrat,montserrat-otf
otf-overpass-nerd,nerd-fonts-overpass
oxygen5,oxygen
p8-platform,libplatform
pacredir,pacserve
pandoc-cli,pandoc
pandoc-crossref,haskell-pandoc-crossref
paraview,paraview-opt
pass,passmenu
pcmanfm-gtk3,pcmanfm
pdfjs,pdfjs-legacy
pdfjs-legacy,pdfjs
percona-server,mysql
percona-server-clients,mysql-clients
perl-goocanvas2,perl-goo-canvas2
perl-html-element-extended,perl-html-elementtable
perl-html-form,perl-libwww
perl-html-formatter,perl-html-formattext
perl-http-message,perl-libwww
perl-image-sane,perl-sane
perl-mail-spf,perl-mail-spf-query
perl-net-http,perl-libwww
php,php-intl
php-legacy,php-legacy-intl
pifpaf,python-pifpaf
pigeonhole,dovecot-sieve
pigeonhole,pigeonhole-hg
pipewire-jack,jack
pipewire-jack,jack2
pipewire-jack,pipewire-jack-client
pipewire-jack-client,pipewire-jack
pipewire-media-session,wireplumber
pipewire-pulse,pulseaudio
plasma-activities,kactivities
plasma-activities-stats,kactivities-stats
plasma-applet-window-buttons,plasma5-applets-window-buttons
plasma-framework5,plasma-framework
plasma-workspace,plasma-wayland-session
plasma5-integration,plasma-integration
plocate,mlocate
pluma,pluma-gtk3
pnetcdf-openmpi,parallel-netcdf
pnetcdf-openmpi,parallel-netcdf-openmpi
podman-docker,docker
poppler,poppler-qt3
poppler,poppler-qt4
poppler-data,poppler
postfix,smtp-server
postfix,smtp-forwarder
postgresql-libs,postgresql-client
powerdns,pdns
powerdns-recursor,pdns-recursor
prison5,prison
prjtrellis,libtrellis
procinfo-ng,procinfo
profanity-gtk,profanity
proxychains-ng,proxychains
psi-nowebengine,psi
pulseaudio,pipewire-pulse
puppet,puppet5
puppet,puppet6
puppet,hiera
purpose,purpose5
purpose5,purpose
python-absl,absl-py
python-adb-shell,python-adb_shell
python-argon2-cffi,python-argon2_cffi
python-astroid,python-logilab-astng
python-cogapp,cocogitto
python-configshell-fb,python-configshell
python-cpplint,cpplint
python-dbus,dbus-python
python-dbus,python-dbus-common
python-dbus-docs,dbus-python-docs
python-django-q2,python-django-q
python-docker,python-docker-py
python-faust-cchardet,python-cchardet
python-flask-security-too,python-flask-security
python-ghp-import,ghp-import
python-gobject,pygobject-devel
python-h5py,hdf5-openmpi
python-h5py-openmpi,python-h5py
python-hid,python-hidapi
python-i3ipc,i3ipc-python
python-imaplib2,python-imaplib2-git
python-ipip-ipdb,python-ipdb
python-jaraco.classes,python-jaraco
python-jaraco.collections,python-jaraco
python-jaraco.functools,python-jaraco
python-jaraco.itertools,python-jaraco
python-jaraco.logging,python-jaraco
python-jaraco.stream,python-jaraco
python-jaraco.text,python-jaraco
python-jupyter-client,python-jupyter_client
python-jupyter-core,python-jupyter_core
python-jupyter-packaging,python-jupyter_packaging
python-jupyterlab-server,jupyterlab_server
python-jupyterlab-server,python-jupyterlab_server
python-keras,python-keras-preprocessing
python-netcdf4-openmpi,python-netcdf4
python-olefile,python3-olefileio
python-onnxruntime-opt,python-onnxruntime
python-onnxruntime-opt-rocm,python-onnxruntime
python-onnxruntime-rocm,python-onnxruntime
python-opencv-cuda,python-opencv
python-path,python-path.py
python-pillow-heif,python-pillow_heif
python-prettytable,python-ptable
python-pycryptodome,python-crypto
python-pycuda,pycuda-headers
python-pygments,pygmentize
python-pylint-plugin-utils,python-pylint-plugin-utils
python-pylint-plugin-utils,python-pylint-plugin-utils-git
python-pylint-pydantic,python-pylint-pydantic
python-pylint-pydantic,python-pylint-pydantic-git
python-pymacaroons,python-pymacaroons-pynacl
python-pyqt5,pyqt5-common
python-pyqt5-webengine,pyqtwebengine-common
python-pyqt5-webengine,python-pyqtwebwengine
python-pytorch-cuda,python-pytorch
python-pytorch-opt,python-pytorch
python-pytorch-opt-cuda,python-pytorch
python-pytorch-opt-rocm,python-pytorch
python-pytorch-rocm,python-pytorch
python-pywlroots,pywlroots
python-pyxdg,python-xdg
python-sqlalchemy1.4,python-sqlalchemy
python-srt,python-pysrt
python-tensorflow-cuda,python-tensorflow
python-tensorflow-opt,python-tensorflow
python-tensorflow-opt-cuda,python-tensorflow
python-tensorflow-serving-api-gpu,python-tensorflow-serving-api
python-torchvision-cuda,python-torchvision
python-update-checker,python-update_checker
python-virtualenv,virtualenv
python-z3-solver,python-z3
python-zipstream-ng,python-zipstream
qca-qt5,qca
qcoro,qcoro-qt6
qemu-common,qemu-system-nios2
qemu-user-binfmt,qemu-user-binfmt-provider
qemu-user-static-binfmt,qemu-user-binfmt-provider
qqc2-desktop-style5,qqc2-desktop-style
qt5-base,qtchooser
qt5-declarative,qtchooser
qt5-tools,qtchooser
qt5-xmlpatterns,qtchooser
qtkeychain-qt5,qtkeychain
qtqr,python-qrtools
qtxdg-tools,libqtxdg
quassel-client,quassel-client-qt
quassel-client-qt,quassel-client
quassel-monolithic,quassel-monolithic-qt
quassel-monolithic-qt,quassel-monolithic
racket,racket-docs
racket-minimal,racket
rage-encryption,rage
rdma-core,ibacm
rdma-core,infiniband-diags
rdma-core,libcxgb3
rdma-core,libcxgb4
rdma-core,libibcm
rdma-core,libibmad
rdma-core,libibumad
rdma-core,libibverbs
rdma-core,libiwpm
rdma-core,libmlx4
rdma-core,libmlx5
rdma-core,libmthca
rdma-core,libnes
rdma-core,libocrdma
rdma-core,librdmacm
rdma-core,rdma
rdma-core,srptools
redo-python,redo-sh
redo-python,redo-c
redo-python,redo-jdebp
redo-sh,redo-python
redo-sh,redo-jdebp
redo-sh,redo-c
referenceassemblies-pcl,mono-pcl
rofi-wayland,rofi
root-cuda,root
ropper,python-ropper
rpm-tools,rpm
rpm-tools,rpmextract
rssguard-lite,rssguard
ruby,ruby-abbrev
ruby,ruby-base64
ruby,ruby-benchmark
ruby,ruby-bigdecimal
ruby,ruby-cgi
ruby,ruby-csv
ruby,ruby-date
ruby,ruby-delegate
ruby,ruby-did_you_mean
ruby,ruby-digest
ruby,ruby-drb
ruby,ruby-english
ruby,ruby-etc
ruby,ruby-fcntl
ruby,ruby-fiddle
ruby,ruby-fileutils
ruby,ruby-find
ruby,ruby-forwardable
ruby,ruby-getoptlong
ruby,ruby-io-console
ruby,ruby-io-nonblock
ruby,ruby-io-wait
ruby,ruby-ipaddr
ruby,ruby-json
ruby,ruby-logger
ruby,ruby-mutex_m
ruby,ruby-net-http
ruby,ruby-open-uri
ruby,ruby-psych
ruby,ruby-reline
ruby,ruby-ruby2_keywords
ruby,ruby-set
ruby,ruby-stringio
ruby,ruby-time
ruby,ruby-tmpdir
ruby,ruby-uri
ruby-bundled-gems,ruby-bundledgems
ruby-pkg-config,ruby-pkgconfig
ruby-ronn-ng,ruby-ronn
rust,cargo
rust,rust-docs
rust,rustfmt
rustup,rust
rustup,cargo
rustup,rustfmt
s2n-tls,s2n
s3fs-fuse,s3fs
scantailor-advanced,scantailor
schroot,dchroot
sdl12-compat,sdl
secrets,gnome-passwordsafe
selene,selene-linter
solid5,solid
sonnet5,sonnet
spike,fesvr
srslte,srsue
srslte,srsenb
srslte,srsepc
srslte-avx2,srslte
stack,haskell-stack
supermin,febootstrap
svgo,nodejs-svgo
syndication5,syndication
syntax-highlighting5,syntax-highlighting
syslog-ng,eventlog
system76-firmware,system76-firmware-daemon
systray-x-common,systray-x
systray-x-kde,systray-x
tealdeer,tldr
teensy_loader_cli,teensy-loader-cli
tensorflow-cuda,tensorflow
tensorflow-opt,tensorflow
tensorflow-opt-cuda,tensorflow
terminus-font,terminus-font-otb
texlive-basic,texlive-core
texlive-binextra,git-latexdiff
texlive-langother,texlive-langextra
texlive-mathscience,texlive-science
threadweaver5,threadweaver
threejs-sage,three.js
tidy,tidyhtml
tigervnc,tightvnc
tinysparql,tracker3
tinyssh,tinyssh-convert
tinyxxd,xxd
tlp,laptop-mode-tools
tlp,pm-utils
tlp,power-profiles-daemon
torchvision-cuda,torchvision
totem,totem-plugin
totem-pl-parser,totem-plparser
toxcore,tox
trayer,trayer-srg
treedec,tdlib
trivy,trivy
ttf-agave-nerd,nerd-fonts-agave
ttf-anonymouspro-nerd,nerd-fonts-anonymous-pro
ttf-arimo-nerd,nerd-fonts-arimo
ttf-bitstream-vera-mono-nerd,nerd-fonts-bitstream-vera-mono
ttf-cascadia-code-nerd,nerd-fonts-cascadia-code
ttf-dejavu-nerd,nerd-fonts-dejavu-complete
ttf-fantasque-nerd,nerd-fonts-fantasque-sans-mono
ttf-firacode-nerd,nerd-fonts-fira-code
ttf-go-nerd,nerd-fonts-go-mono
ttf-hack-nerd,nerd-fonts-hack
ttf-ibm-plex,ibm-plex-fonts
ttf-ibmplex-mono-nerd,nerd-fonts-ibm-plex-mono
ttf-inconsolata-go-nerd,nerd-fonts-inconsolata-go
ttf-inconsolata-lgc-nerd,nerd-fonts-inconsolatalgc
ttf-inconsolata-nerd,nerd-fonts-inconsolata
ttf-iosevka-nerd,nerd-fonts-iosevka
ttf-jetbrains-mono-nerd,nerd-fonts-jetbrains-mono
ttf-joypixels,ttf-emojione
ttf-liberation-mono-nerd,nerd-fonts-liberation-mono
ttf-meslo-nerd,nerd-fonts-meslo
ttf-monofur-nerd,nerd-fonts-monofur
ttf-monoid-nerd,nerd-fonts-monoid
ttf-mononoki-nerd,nerd-fonts-mononoki
ttf-montserrat,montserrat-ttf
ttf-mplus-nerd,nerd-fonts-mplus
ttf-nerd-fonts-symbols,ttf-nerd-fonts-symbols-1000-em
ttf-nerd-fonts-symbols,ttf-nerd-fonts-symbols-2048-em
ttf-nerd-fonts-symbols-mono,ttf-nerd-fonts-symbols-1000-em-mono
ttf-nerd-fonts-symbols-mono,ttf-nerd-fonts-symbols-2048-em-mono
ttf-noto-nerd,nerd-fonts-noto
ttf-profont-nerd,nerd-fonts-profont
ttf-roboto-mono-nerd,nerd-fonts-roboto-mono
ttf-sourcecodepro-nerd,nerd-fonts-source-code-pro
ttf-space-mono-nerd,nerd-fonts-source-space-mono
ttf-terminus-nerd,nerd-fonts-terminus
ttf-tinos-nerd,nerd-fonts-source-tinos
ttf-ubuntu-mono-nerd,nerd-fonts-ubuntu-mono
ttf-ubuntu-mono-nerd,ttf-ubuntumono-nerd
ttf-ubuntu-nerd,nerd-fonts-ubuntu
ttf-victor-mono-nerd,ttf-nerd-fonts-victor-mono
tuned-ppd,power-profiles-daemon
twine,python-twine
udp2raw,udp2raw-tunnel
ueberzugpp,ueberzug
ukui-wallpapers,ubuntukylin-wallpapers
unrealircd,ircd
v4l-utils,libv4l
vagrant,vagrant-substrate
vala,valadoc
valkey,redis
vbam-sdl,vbam-wx
vbam-wx,vbam-sdl
vhba-module-dkms,vhba-module
vim,gvim
vim,vim-minimal
virtualbox,virtualbox-ose
virtualbox-guest-iso,virtualbox-additions
virtualbox-guest-iso,virtualbox-iso-additions
virtualbox-guest-utils,virtualbox-archlinux-additions
virtualbox-guest-utils,virtualbox-guest-additions
virtualbox-guest-utils,virtualbox-guest-utils-nox
virtualbox-guest-utils,virtualbox-guest-dkms
virtualbox-guest-utils-nox,virtualbox-guest-utils
virtualbox-guest-utils-nox,virtualbox-guest-dkms
virtualbox-host-dkms,virtualbox-source
virtualbox-host-dkms,virtualbox-host-source
virtualbox-host-modules-arch,virtualbox-modules
virtualbox-host-modules-arch,virtualbox-host-modules
virtualbox-host-modules-arch,virtualbox-host-dkms
vlc,vlc-plugin
vpl-gpu-rt,onevpl-intel-gpu
vulkan-extra-tools,vulkan-trace
vulkan-mesa-layers,vulkan-mesa-layer
vulkan-swrast,vulkan-mesa
vulscan,nmap-vulscan
wacomtablet,kcm-wacomtablet
waifu2x-ncnn-vulkan,waifu2x-ncnn-vulkan-git
warsow,warsow
waylandpp,waylandpp-git
web-ext,nodejs-web-ext
wezterm,wezterm-shell-integration
whipper,accuraterip-checksum
wireplumber,pipewire-media-session
wireshark-cli,wireshark
wireshark-qt,wireshark
wireshark-qt,wireshark-gtk
wireshark-qt,wireshark-common
wlroots0.17,wlroots
woob,weboob
wxwidgets-common,wxgtk-common
wxwidgets-gtk3,wxgtk3
x264,libx264
x264,libx264-10bit
x264,libx264-all
xapp,xapps
xarchiver-gtk2,xarchiver
xdg-desktop-portal-gnome,xdg-desktop-portal-gtk
xf86-input-elographics,xorg-server
xf86-input-elographics,X-ABI-XINPUT_VERSION
xf86-input-elographics,X-ABI-XINPUT_VERSION
xf86-input-evdev,xorg-server
xf86-input-evdev,X-ABI-XINPUT_VERSION
xf86-input-evdev,X-ABI-XINPUT_VERSION
xf86-input-libinput,xorg-server
xf86-input-libinput,X-ABI-XINPUT_VERSION
xf86-input-libinput,X-ABI-XINPUT_VERSION
xf86-input-synaptics,synaptics
xf86-input-vmmouse,xorg-server
xf86-input-vmmouse,X-ABI-XINPUT_VERSION
xf86-input-vmmouse,X-ABI-XINPUT_VERSION
xf86-input-void,xorg-server
xf86-input-void,X-ABI-XINPUT_VERSION
xf86-input-void,X-ABI-XINPUT_VERSION
xf86-input-wacom,xorg-server
xf86-input-wacom,X-ABI-XINPUT_VERSION
xf86-input-wacom,X-ABI-XINPUT_VERSION
xf86-video-amdgpu,xorg-server
xf86-video-amdgpu,X-ABI-VIDEODRV_VERSION
xf86-video-amdgpu,X-ABI-VIDEODRV_VERSION
xf86-video-ati,xorg-server
xf86-video-ati,X-ABI-VIDEODRV_VERSION
xf86-video-ati,X-ABI-VIDEODRV_VERSION
xf86-video-dummy,xorg-server
xf86-video-dummy,X-ABI-VIDEODRV_VERSION
xf86-video-dummy,X-ABI-VIDEODRV_VERSION
xf86-video-fbdev,xorg-server
xf86-video-fbdev,X-ABI-VIDEODRV_VERSION
xf86-video-fbdev,X-ABI-VIDEODRV_VERSION
xf86-video-intel,xorg-server
xf86-video-intel,X-ABI-VIDEODRV_VERSION
xf86-video-intel,X-ABI-VIDEODRV_VERSION
xf86-video-intel,xf86-video-intel-sna
xf86-video-intel,xf86-video-intel-uxa
xf86-video-intel,xf86-video-i810
xf86-video-intel,xf86-video-intel-legacy
xf86-video-nouveau,xorg-server
xf86-video-nouveau,X-ABI-VIDEODRV_VERSION
xf86-video-nouveau,X-ABI-VIDEODRV_VERSION
xf86-video-qxl,xf86-video-qxl-git
xf86-video-qxl,X-ABI-VIDEODRV_VERSION
xf86-video-qxl,X-ABI-VIDEODRV_VERSION
xf86-video-sisusb,xorg-server
xf86-video-sisusb,X-ABI-VIDEODRV_VERSION
xf86-video-sisusb,X-ABI-VIDEODRV_VERSION
xf86-video-vesa,xorg-server
xf86-video-vesa,X-ABI-VIDEODRV_VERSION
xf86-video-vesa,X-ABI-VIDEODRV_VERSION
xf86-video-vmware,xorg-server
xf86-video-vmware,X-ABI-VIDEODRV_VERSION
xf86-video-vmware,X-ABI-VIDEODRV_VERSION
xf86-video-voodoo,xorg-server
xf86-video-voodoo,X-ABI-VIDEODRV_VERSION
xf86-video-voodoo,X-ABI-VIDEODRV_VERSION
xkeyboard-config,xkbdata
xorg-appres,xorg-res-utils
xorg-font-util,font-util
xorg-fonts-alias-100dpi,xorg-fonts-alias
xorg-fonts-alias-75dpi,xorg-fonts-alias
xorg-fonts-alias-cyrillic,xorg-fonts-alias
xorg-fonts-alias-misc,xorg-fonts-alias
xorg-fonttosfnt,fonttosfnt
xorg-mkfontscale,xorg-mkfontdir
xorg-server,nvidia-utils
xorg-server,glamor-egl
xorg-server,xf86-video-modesetting
xorg-xwayland,xorg-server-xwayland
yabause-qt,yabause-gtk
yq,go-yq
yubico-c,libyubikey
yubico-c-client,ykclient
yubico-pam,pam_yubico
yubikey-personalization,ykpers
yubikey-personalization-gui,yubikey-personalization-tool
zathura-pdf-mupdf,zathura-pdf-poppler
zbar,zbar-gtk
zbar,zbar-qt
zbar,python-zbar
zeitgeist,zeitgeist-datahub
zim-tools,zimwriterfs
zlib-ng-compat,zlib
lib32-at-spi2-core,lib32-at-spi2-atk
lib32-at-spi2-core,lib32-atk
lib32-dbus,lib32-libdbus
lib32-freeglut,lib32-glut
lib32-jack2,lib32-jack
lib32-libjpeg6-turbo,lib32-libjpeg6
lib32-libltdl,lib32-libtool
lib32-libpulse,lib32-pulseaudio
lib32-libudev0-shim,lib32-libudev0
lib32-mangohud,lib32-mangoapp
lib32-mesa,lib32-libva-mesa-driver
lib32-mesa,lib32-mesa-libgl
lib32-mesa,lib32-mesa-vdpau
lib32-mesa-amber,lib32-mesa
lib32-nvidia-utils,lib32-nvidia-libgl
lib32-ocl-icd,lib32-libcl
lib32-opencl-clover-mesa,lib32-opencl-mesa
lib32-opencl-rusticl-mesa,lib32-opencl-mesa
lib32-pipewire-jack,lib32-jack
lib32-pipewire-jack,lib32-jack2
lib32-renderdoc,lib32-renderdoc-minimal
lib32-sdl12-compat,lib32-sdl
lib32-v4l-utils,lib32-libv4l
lib32-vulkan-mesa-layers,lib32-vulkan-mesa-layer
lib32-vulkan-swrast,lib32-vulkan-mesa
wine-staging,wine
