package,conflicts
"9base","9rc-devel"
"9base","plan9port"
"abiword","abiword-plugins"
"acl","xfsacl"
"acme","plan9port"
"acpi_call-dkms","acpi_call"
"acpi_call-lts","acpi_call-dkms"
"acpi_call","acpi_call-dkms"
"acpica","iasl"
"acpilight","xorg-xbacklight"
"afl++","afl"
"afl++","aflplusplus"
"aircrack-ng","aircrack-ng-scripts"
"akonadi-contacts5","akonadi-contacts<24"
"analitza","analitza5"
"ant-doc","apache-ant-doc"
"ant","apache-ant"
"apache","mod_proxy_uwsgi"
"appstream-glib","appdata-tools"
"appstream-qt5","appstream-qt<1"
"apptainer","singularity-container"
"arrow","parquet-cpp"
"aspell-pt","aspell-pt_br"
"aspnet-runtime","aspnet-runtime-8.0"
"aspnet-targeting-pack","aspnet-targeting-pack-8.0"
"at-spi2-core","at-spi2-atk<=2.38.0-2"
"at-spi2-core","atk<=2.38.0-2"
"atril","atril-gtk3"
"attica5","attica<5.111"
"attr","xfsattr"
"authoscope","badtouch"
"babel-cli","nodejs-babel-cli"
"babel-cli","openbabel<3"
"baidupcs-go","baidupcs"
"baloo","baloo5"
"banner","sysvbanner"
"bbswitch-dkms","bbswitch"
"bc","bc-readline"
"beanshell","beanshell2"
"bind","bind-tools"
"bind","dnsutils"
"binutils","binutils-multilib"
"blas-openblas","blas"
"blas-openblas","cblas"
"blas-openblas","lapack"
"blas-openblas","lapacke"
"blas-openblas","openblas-lapack"
"blas64-openblas","blas64"
"blas64-openblas","cblas64"
"blas64-openblas","lapack64"
"blas64-openblas","lapacke64"
"bluez-qt5","bluez-qt<5.111"
"bogofilter-db","bogofilter-kyotocabinet"
"bogofilter-db","bogofilter-lmdb"
"bogofilter-db","bogofilter-sqlite"
"bogofilter-kyotocabinet","bogofilter"
"bogofilter-kyotocabinet","bogofilter-db"
"bogofilter-kyotocabinet","bogofilter-lmdb"
"bogofilter-kyotocabinet","bogofilter-sqlite"
"bogofilter-lmdb","bogofilter"
"bogofilter-lmdb","bogofilter-db"
"bogofilter-lmdb","bogofilter-kyotocabinet"
"bogofilter-lmdb","bogofilter-sqlite"
"bogofilter-sqlite","bogofilter"
"bogofilter-sqlite","bogofilter-db"
"bogofilter-sqlite","bogofilter-kyotocabinet"
"bogofilter-sqlite","bogofilter-lmdb"
"boinc-nox","boinc"
"breeze5","breeze<5.27.80"
"breezy","bzr"
"broadcom-wl-dkms","broadcom-wl"
"btrfs-heatmap","python-btrfs-heatmap"
"btrfs-progs","btrfs-progs-unstable"
"bubblewrap-suid","bubblewrap"
"bullet-dp","bullet"
"ca-certificates-utils","ca-certificates-java"
"ca-certificates","ca-certificates-cacert<=20140824-4"
"caja-image-converter","caja-image-converter-gtk3"
"caja-open-terminal","caja-open-terminal-gtk3"
"caja-sendto","caja-sendto-gtk3"
"caja-share","caja-share-gtk3"
"caja-wallpaper","caja-wallpaper-gtk3"
"caja","caja-gtk3"
"calibre","calibre-common"
"calibre","calibre-python3"
"cardinal-standalone","cardinal-jack"
"cargo-show-asm","cargo-asm"
"catch2-v2","catch2"
"catch2","catch2-v2"
"ccls","ccls-git"
"cdemu-client","cdemu"
"cdrtools","cdrkit"
"charm","charm-tool"
"clang","clang-analyzer"
"clang","clang-tools-extra"
"clash-ghc","clash"
"cockatrice","cockatrice-client"
"cockatrice","cockatrice-server"
"codec2","freedv"
"coffeescript","coffee-script"
"coq","coq-nox"
"cpupower","cpufrequtils"
"cronie","cron"
"cryptsetup","mkinitcpio<38-1"
"dart-sass","ruby-sass"
"dbeaver","dbeaver-plugin-sshj-lib"
"dbus-broker-units","dbus-daemon-units"
"dbus-daemon-units","dbus-broker-units"
"dbus","libdbus"
"deepin-account-faces","dde-account-faces"
"deepin-anything-dkms","DEEPIN-ANYTHING-MODULE"
"deepin-control-center","dde-control-center"
"deepin-control-center","dde-dock-applets"
"deepin-daemon","dde-daemon"
"deepin-desktop-schemas","deepin-artwork-themes"
"deepin-file-manager","deepin-desktop"
"deepin-icon-theme","deepin-cursor-theme"
"deepin-screen-recorder","deepin-screenshot"
"deepin-session-shell","deepin-session-ui<5"
"deepin-sound-theme","deepin-artwork"
"deepin-terminal-gtk","deepin-terminal"
"deepin-terminal-gtk","deepin-terminal-old"
"distro-info","perl-distro-info"
"distro-info","python-distro-info"
"dleyna","dleyna-connector-dbus<=0.4.1-1"
"dleyna","dleyna-core<=0.7.0-3"
"dleyna","dleyna-renderer<=0.7.2-1"
"dleyna","dleyna-server<=0.7.2-1"
"dma","smtp-forwarder"
"dmraid","mkinitcpio<0.7"
"dnssec-tools","libsres"
"dnssec-tools","libval"
"dnssec-tools","libval_shim"
"docbook5-xml","docbook5-schemas"
"dos2unix","hd2u"
"dotnet-runtime","dotnet-runtime-8.0"
"dotnet-sdk","dotnet-sdk-8.0"
"dotnet-targeting-pack","dotnet-targeting-pack-8.0"
"doublecmd-gtk2","doublecmd-qt5"
"doublecmd-gtk2","doublecmd-qt6"
"doublecmd-qt5","doublecmd-gtk2"
"doublecmd-qt5","doublecmd-qt6"
"doublecmd-qt6","doublecmd-gtk2"
"doublecmd-qt6","doublecmd-qt5"
"dragonfly-reverb-standalone","dragonfly-reverb-jack"
"drone-oss","drone"
"drone","drone-oss"
"dropbear-scp","openssh"
"dtools","ddemangle"
"dtools","dustmite"
"dtools","rdmd"
"edk2-aarch64","edk2-armvirt<202211"
"edk2-ovmf","ovmf"
"emacs-nativecomp","emacs"
"emacs-nox","emacs"
"emacs-wayland","emacs"
"emscripten","binaryen"
"endeavour","gnome-todo<=41.0+r106+gebc68374-1"
"engrampa","engrampa-gtk3"
"enter-tex","gnome-latex"
"eom","eom-gtk3"
"erlang-nox","erlang"
"erlang","erlang-nox"
"esbonio","python-esbonio"
"eslint-language-server","vscode-eslint-language-server"
"espeak-ng","espeak"
"espeak-ng","espeak-ng-espeak"
"espflash","cargo-espflash"
"ettercap-gtk","ettercap"
"exfat-utils","fuse-exfat"
"exfatprogs","exfat-utils"
"exim","smtp-forwarder"
"exim","smtp-server"
"eza","exa"
"facter","cpp-hocon"
"facter","leatherman"
"facter","libwhereami"
"farstream","farsight2"
"fcitx-mozc","fcitx5-mozc"
"fcitx-mozc","mozc"
"fcitx-mozc","mozc-fcitx"
"fcitx-mozc","mozc-server"
"fcitx-mozc","mozc-utils-gui"
"fcitx","fcitx-gtk2"
"fcitx","fcitx-gtk3"
"fcitx5-chinese-addons","fcitx"
"fcitx5-configtool","kcm-fcitx5"
"fcitx5-mozc","fcitx-mozc"
"fcitx5-mozc","mozc"
"fcitx5-mozc","mozc-fcitx"
"fcitx5-mozc","mozc-server"
"fcitx5-mozc","mozc-utils-gui"
"fcitx5-nord","fcitx5-nord-dark"
"fcitx5","fcitx"
"fcron","dcron"
"feeluown","feeluown-local"
"fig2dev","transfig"
"firrtl","firrtl"
"fontconfig","fontconfig-docs"
"foomatic-db","foomatic-db-foo2zjs"
"frameworkintegration5","frameworkintegration<5.111"
"freeglut","glut"
"fuse2","fuse"
"futuresql","futuresql-qt6"
"fwbuilder","libfwbuilder"
"gambas3-dev-tools","gambas3-devel"
"gambas3-ide","gambas3-examples"
"gap","gap-doc"
"gcc-go","go"
"gcolor3","gcolor3-xorg"
"gearmand","gearman"
"gedit","gedit-code-assistance<=3.16.0+4+gd19b879-1"
"geoclue","geoclue2"
"ghc-libs","haskell-ghci"
"gimp-nufraw","gimp-ufraw"
"ginkgo-hpc-cuda","ginkgo-hpc"
"ginkgo-hpc-hip","ginkgo-hpc"
"girara","girara-common"
"girara","girara-gtk3"
"gitlab","gitlab-workhorse"
"gmic","cimg"
"gnome-builder","gnome-builder-clang"
"gnome-builder","gnome-builder-flatpak"
"gnome-notes","bijiben"
"gnome-themes-extra","gnome-themes-standard"
"gnu-efi","gnu-efi-libs"
"go-ethereum","geth"
"go-yq","yq"
"gptfdisk","gdisk"
"gradle7-doc","gradle-doc"
"gradle7-src","gradle-src"
"gradle7","gradle"
"grantleetheme5","grantleetheme<24"
"grub","grub-bios"
"grub","grub-common"
"grub","grub-efi-x86_64"
"grub","grub-emu"
"grub","grub-legacy"
"gtest","gmock"
"gtk-engines","clearlooks-gtk2"
"gtk-engines","lighthouse-gtk2"
"gtk2-compat","gtk2"
"gtk3","gtk3-print-backends"
"guitarix","guitarix2"
"gvim","vim"
"gvim","vim-minimal"
"handlr-regex","handlr"
"haskell-cairo","gtk2hs-cairo"
"haskell-glib","gtk2hs-glib"
"haskell-gtk2hs-buildtools","gtk2hs-buildtools"
"haskell-gtk3","gtk2hs-gtk"
"haskell-gtk3","haskell-gtk"
"haskell-pango","gtk2hs-pango"
"haskell-tidal","tidalcycles"
"hdf5-openmpi","hdf5"
"hdf5-openmpi","hdf5-openmpi-java"
"hlint","haskell-hlint"
"hsa-amd-aqlprofile-bin","hsa-amd-aqlprofile"
"httpie","python-httpie"
"hunspell-en_au","hunspell-en_AU"
"hunspell-en_ca","hunspell-en_CA"
"hunspell-en_gb","hunspell-en_GB"
"hunspell-en_us","hunspell-en_US"
"hunspell-es_any","hunspell-es"
"hunspell-es_ar","hunspell-es"
"hunspell-es_bo","hunspell-es"
"hunspell-es_cl","hunspell-es"
"hunspell-es_co","hunspell-es"
"hunspell-es_cr","hunspell-es"
"hunspell-es_cu","hunspell-es"
"hunspell-es_do","hunspell-es"
"hunspell-es_ec","hunspell-es"
"hunspell-es_es","hunspell-es"
"hunspell-es_gt","hunspell-es"
"hunspell-es_hn","hunspell-es"
"hunspell-es_mx","hunspell-es"
"hunspell-es_ni","hunspell-es"
"hunspell-es_pa","hunspell-es"
"hunspell-es_pe","hunspell-es"
"hunspell-es_pr","hunspell-es"
"hunspell-es_py","hunspell-es"
"hunspell-es_sv","hunspell-es"
"hunspell-es_uy","hunspell-es"
"hunspell-es_ve","hunspell-es"
"imv","renameutils"
"incus-tools","lxd"
"intel-gmmlib","gmmlib"
"intel-graphics-compiler","intel-opencl-clang"
"intel-oneapi-common","intel-oneapi-basekit"
"intel-oneapi-compiler-dpcpp-cpp-runtime-libs","intel-oneapi-basekit"
"intel-oneapi-compiler-dpcpp-cpp-runtime","intel-oneapi-basekit"
"intel-oneapi-compiler-shared-runtime-libs","intel-oneapi-basekit"
"intel-oneapi-compiler-shared-runtime","intel-oneapi-basekit"
"intel-oneapi-compiler-shared","intel-oneapi-basekit"
"intel-oneapi-dev-utilities","intel-oneapi-basekit"
"intel-oneapi-dpcpp-cpp","intel-oneapi-basekit"
"intel-oneapi-dpcpp-debugger","intel-oneapi-basekit"
"intel-oneapi-mkl-sycl","intel-oneapi-basekit"
"intel-oneapi-mkl","intel-mkl"
"intel-oneapi-mkl","intel-mkl-static"
"intel-oneapi-mkl","intel-oneapi-basekit"
"intel-oneapi-openmp","intel-oneapi-basekit"
"intel-oneapi-tbb","intel-oneapi-basekit"
"intel-oneapi-tcm","intel-oneapi-basekit"
"iotop-c","iotop"
"iptables-nft","arptables"
"iptables-nft","ebtables"
"iptables-nft","iptables"
"iputils","arping"
"iputils","netkit-base"
"jack2","jack"
"jami-qt","jami-gnome"
"jami-qt","jami-libclient"
"jdk-openjdk","jre-openjdk"
"jdk-openjdk","jre-openjdk-headless"
"jdk11-openjdk","jre11-openjdk"
"jdk11-openjdk","jre11-openjdk-headless"
"jdk17-openjdk","jre17-openjdk"
"jdk17-openjdk","jre17-openjdk-headless"
"jdk21-openjdk","jre21-openjdk"
"jdk21-openjdk","jre21-openjdk-headless"
"jenkins","jenkins-ci"
"joyutils","linuxconsole"
"jre-openjdk-headless","jdk-openjdk"
"jre-openjdk-headless","jre-openjdk"
"jre-openjdk","jdk-openjdk"
"jre-openjdk","jre-openjdk-headless"
"jre11-openjdk-headless","jdk11-openjdk"
"jre11-openjdk-headless","jre11-openjdk"
"jre11-openjdk","jdk11-openjdk"
"jre11-openjdk","jre11-openjdk-headless"
"jre17-openjdk-headless","jdk17-openjdk"
"jre17-openjdk-headless","jre17-openjdk"
"jre17-openjdk","jdk17-openjdk"
"jre17-openjdk","jre17-openjdk-headless"
"jre21-openjdk-headless","jdk21-openjdk"
"jre21-openjdk-headless","jre21-openjdk"
"jre21-openjdk","jdk21-openjdk"
"jre21-openjdk","jre21-openjdk-headless"
"jupyter-collaboration","jupyter-server-ydoc"
"jupyter-console","jupyter_console"
"jupyterlab-pygments","jupyterlab_pygments"
"kactivities-stats5","kactivities-stats<5.111"
"kactivities5","kactivities<5.111"
"kakoune-lsp","kak-lsp"
"karchive5","karchive<5.111"
"kate","kwrite"
"kauth5","kauth<5.111"
"kbd","vlock"
"kbookmarks5","kbookmarks<5.111"
"kcalendarcore5","kcalendarcore<5.111"
"kcmutils5","kcmutils<5.111"
"kcodecs5","kcodecs<5.111"
"kcolorpicker","kcolorpicker-qt6"
"kcompletion5","kcompletion<5.111"
"kconfig5","kconfig<5.111"
"kconfigwidgets5","kconfigwidgets<5.111"
"kcontacts5","kcontacts<1:5.111"
"kcoreaddons5","kcoreaddons<5.111"
"kcrash5","kcrash<5.111"
"kdbusaddons5","kdbusaddons<5.111"
"kdeclarative5","kdeclarative<5.111"
"kded5","kded<5.111"
"kdesdk-kio","kdesdk-kioslaves"
"kdesu5","kdesu<5.111"
"kdiagram5","kdiagram<2.8.0-2"
"kdnssd5","kdnssd<5.111"
"kdoctools5","kdoctools<5.111"
"kdsoap-qt5","kdsoap"
"kernel-hardening-checker","kconfig-hardened-check"
"kgamma","kgamma5"
"kglobalaccel5","kglobalaccel<5.111"
"kguiaddons5","kguiaddons<5.111"
"kholidays5","kholidays<1:5.111"
"ki18n5","ki18n<5.111"
"kiconthemes5","kiconthemes<5.111"
"kidentitymanagement5","kidentitymanagement<24"
"kidletime5","kidletime<5.111"
"kimageannotator","kimageannotator-qt6"
"kimageformats5","kimageformats<5.111"
"kio-zeroconf","zeroconf-ioslave"
"kio5","kio<5.111"
"kirigami-addons5","kirigami-addons<0.11.75"
"kitemmodels5","kitemmodels<5.111"
"kitemviews5","kitemviews<5.111"
"kjobwidgets5","kjobwidgets<5.111"
"kmime5","kmime<24"
"knewstuff5","knewstuff<5.111"
"knotifications5","knotifications<5.111"
"knotifyconfig5","knotifyconfig<5.111"
"kodi-gles","kodi"
"kodi","kodi-gles"
"konsolepart5","konsole<24"
"kpackage5","kpackage<5.111"
"kparts5","kparts<5.111"
"kpimtextedit5","kpimtextedit<24"
"kplotting5","kplotting<5.111"
"kpty5","kpty<5.111"
"kquickimageeditor5","kquickimageeditor<0.3.0-2"
"ksanecore5","ksanecore<24"
"kservice5","kservice<5.111"
"ktextaddons5","ktextaddons<1.5.2-3"
"ktexteditor5","ktexteditor<5.111"
"ktextwidgets5","ktextwidgets<5.111"
"kubo","go-ipfs"
"kunitconversion5","kunitconversion<5.111"
"kuserfeedback","kuserfeedback5"
"kwallet5","kwallet<5.111"
"kwayland5","kwayland<5.111"
"kwidgetsaddons5","kwidgetsaddons<5.111"
"kwindowsystem5","kwindowsystem<5.111"
"kxmlgui5","kxmlgui<5.111"
"lazarus-gtk2","lazarus-gtk3"
"lazarus-gtk2","lazarus-qt5"
"lazarus-gtk2","lazarus-qt6"
"lazarus-gtk3","lazarus-gtk2"
"lazarus-gtk3","lazarus-qt5"
"lazarus-gtk3","lazarus-qt6"
"lazarus-qt5","lazarus-gtk2"
"lazarus-qt5","lazarus-gtk3"
"lazarus-qt5","lazarus-qt6"
"lazarus-qt6","lazarus-gtk2"
"lazarus-qt6","lazarus-gtk3"
"lazarus-qt6","lazarus-qt5"
"lhasa","lha"
"lib32-at-spi2-core","lib32-at-spi2-atk<=2.38.0-2"
"lib32-at-spi2-core","lib32-atk<=2.38.0-2"
"lib32-dbus","lib32-libdbus"
"lib32-freeglut","lib32-glut"
"lib32-jack2","lib32-jack"
"lib32-libjpeg6-turbo","lib32-libjpeg6"
"lib32-libltdl","lib32-libtool"
"lib32-libpulse","lib32-pulseaudio"
"lib32-libudev0-shim","lib32-libudev0"
"lib32-mangohud","lib32-mangoapp"
"lib32-mesa-amber","lib32-mesa"
"lib32-mesa","lib32-libva-mesa-driver<1:24.2.7-1"
"lib32-mesa","lib32-mesa-libgl<17.0.1-2"
"lib32-mesa","lib32-mesa-vdpau<1:24.2.7-1"
"lib32-nvidia-utils","lib32-nvidia-libgl"
"lib32-ocl-icd","lib32-libcl"
"lib32-opencl-clover-mesa","lib32-opencl-mesa"
"lib32-opencl-rusticl-mesa","lib32-opencl-mesa"
"lib32-pipewire-jack","lib32-jack"
"lib32-pipewire-jack","lib32-jack2"
"lib32-renderdoc","lib32-renderdoc-minimal"
"lib32-rust-libs","lib32-rust"
"lib32-sdl12-compat","lib32-sdl"
"lib32-v4l-utils","lib32-libv4l"
"lib32-vulkan-mesa-layers","lib32-vulkan-mesa-layer"
"lib32-vulkan-swrast","lib32-vulkan-mesa"
"libakonadi5","libakonadi<24"
"libblockdev-fs","libblockdev-tools"
"libblockdev-lvm","libblockdev-lvm-dbus"
"libblockdev-lvm","libblockdev-tools"
"libblockdev","libblockdev-utils"
"libcamera-tools","libcamera-tests<0.0.1-2"
"libfilteraudio","filter_audio"
"libfm-gtk2","lxshortcut"
"libfm-gtk3","libfm-gtk2"
"libfm-gtk3","lxshortcut"
"libgedit-amtk","amtk"
"libgedit-tepl","tepl"
"libjpeg6-turbo","libjpeg6"
"libkcddb","libkcddb5<24"
"libkexiv2-qt5","libkexiv2<24"
"libkiwix","kiwix-lib"
"libksane5","libksane<24.02.0-2"
"libkscreen5","libkscreen<6.0"
"libldm","ldmtool"
"libmatekbd","libmatekbd-gtk3"
"libmateweather","libmateweather-gtk3"
"libmemcached-awesome","libmemcached"
"libnghttp2","nghttp2<1.20.0-2"
"libpaper","paper"
"libphobos","libphobos-devel"
"libplasma","plasma-framework"
"libproxy","libproxy-webkit<0.5.0-1"
"libqaccessibilityclient-qt5","libqaccessibilityclient"
"libqt5xdg","libqtxdg<4.0"
"libquvi","quvi<0.9.0"
"libratbag","liblur"
"libratbag","ratbagd"
"libre","librem"
"libre","re"
"librecad","librecad-git"
"libreoffice-fresh-af","libreoffice-af"
"libreoffice-fresh-am","libreoffice-am"
"libreoffice-fresh-ar","libreoffice-ar"
"libreoffice-fresh-as","libreoffice-as"
"libreoffice-fresh-ast","libreoffice-ast"
"libreoffice-fresh-be","libreoffice-be"
"libreoffice-fresh-bg","libreoffice-bg"
"libreoffice-fresh-bn-in","libreoffice-bn-IN"
"libreoffice-fresh-bn","libreoffice-bn"
"libreoffice-fresh-bo","libreoffice-bo"
"libreoffice-fresh-br","libreoffice-br"
"libreoffice-fresh-brx","libreoffice-brx"
"libreoffice-fresh-bs","libreoffice-bs"
"libreoffice-fresh-ca-valencia","libreoffice-ca-valencia"
"libreoffice-fresh-ca","libreoffice-ca"
"libreoffice-fresh-ckb","libreoffice-ckb"
"libreoffice-fresh-cs","libreoffice-cs"
"libreoffice-fresh-cy","libreoffice-cy"
"libreoffice-fresh-da","libreoffice-da"
"libreoffice-fresh-de","libreoffice-de"
"libreoffice-fresh-dgo","libreoffice-dgo"
"libreoffice-fresh-dsb","libreoffice-dsb"
"libreoffice-fresh-dz","libreoffice-dz"
"libreoffice-fresh-el","libreoffice-el"
"libreoffice-fresh-en-gb","libreoffice-en-GB"
"libreoffice-fresh-en-za","libreoffice-en-ZA"
"libreoffice-fresh-eo","libreoffice-eo"
"libreoffice-fresh-es","libreoffice-es"
"libreoffice-fresh-et","libreoffice-et"
"libreoffice-fresh-eu","libreoffice-eu"
"libreoffice-fresh-fa","libreoffice-fa"
"libreoffice-fresh-fi","libreoffice-fi"
"libreoffice-fresh-fr","libreoffice-fr"
"libreoffice-fresh-fur","libreoffice-fur"
"libreoffice-fresh-fy","libreoffice-fy"
"libreoffice-fresh-ga","libreoffice-ga"
"libreoffice-fresh-gd","libreoffice-gd"
"libreoffice-fresh-gl","libreoffice-gl"
"libreoffice-fresh-gu","libreoffice-gu"
"libreoffice-fresh-gug","libreoffice-gug"
"libreoffice-fresh-he","libreoffice-he"
"libreoffice-fresh-hi","libreoffice-hi"
"libreoffice-fresh-hr","libreoffice-hr"
"libreoffice-fresh-hsb","libreoffice-hsb"
"libreoffice-fresh-hu","libreoffice-hu"
"libreoffice-fresh-id","libreoffice-id"
"libreoffice-fresh-is","libreoffice-is"
"libreoffice-fresh-it","libreoffice-it"
"libreoffice-fresh-ja","libreoffice-ja"
"libreoffice-fresh-ka","libreoffice-ka"
"libreoffice-fresh-kab","libreoffice-kab"
"libreoffice-fresh-kk","libreoffice-kk"
"libreoffice-fresh-km","libreoffice-km"
"libreoffice-fresh-kmr-latn","libreoffice-kmr-Latn"
"libreoffice-fresh-kn","libreoffice-kn"
"libreoffice-fresh-ko","libreoffice-ko"
"libreoffice-fresh-kok","libreoffice-kok"
"libreoffice-fresh-ks","libreoffice-ks"
"libreoffice-fresh-lb","libreoffice-lb"
"libreoffice-fresh-lo","libreoffice-lo"
"libreoffice-fresh-lt","libreoffice-lt"
"libreoffice-fresh-lv","libreoffice-lv"
"libreoffice-fresh-mai","libreoffice-mai"
"libreoffice-fresh-mk","libreoffice-mk"
"libreoffice-fresh-ml","libreoffice-ml"
"libreoffice-fresh-mn","libreoffice-mn"
"libreoffice-fresh-mni","libreoffice-mni"
"libreoffice-fresh-mr","libreoffice-mr"
"libreoffice-fresh-my","libreoffice-my"
"libreoffice-fresh-nb","libreoffice-nb"
"libreoffice-fresh-ne","libreoffice-ne"
"libreoffice-fresh-nl","libreoffice-nl"
"libreoffice-fresh-nn","libreoffice-nn"
"libreoffice-fresh-nr","libreoffice-nr"
"libreoffice-fresh-nso","libreoffice-nso"
"libreoffice-fresh-oc","libreoffice-oc"
"libreoffice-fresh-om","libreoffice-om"
"libreoffice-fresh-or","libreoffice-or"
"libreoffice-fresh-pa-in","libreoffice-pa-IN"
"libreoffice-fresh-pl","libreoffice-pl"
"libreoffice-fresh-pt-br","libreoffice-pt-BR"
"libreoffice-fresh-pt","libreoffice-pt"
"libreoffice-fresh-ro","libreoffice-ro"
"libreoffice-fresh-ru","libreoffice-ru"
"libreoffice-fresh-rw","libreoffice-rw"
"libreoffice-fresh-sa-in","libreoffice-sa-IN"
"libreoffice-fresh-sat","libreoffice-sat"
"libreoffice-fresh-sd","libreoffice-sd"
"libreoffice-fresh-sdk","libreoffice-still-sdk"
"libreoffice-fresh-si","libreoffice-si"
"libreoffice-fresh-sid","libreoffice-sid"
"libreoffice-fresh-sk","libreoffice-sk"
"libreoffice-fresh-sl","libreoffice-sl"
"libreoffice-fresh-sq","libreoffice-sq"
"libreoffice-fresh-sr-latn","libreoffice-sr-Latn"
"libreoffice-fresh-sr","libreoffice-sr"
"libreoffice-fresh-ss","libreoffice-ss"
"libreoffice-fresh-st","libreoffice-st"
"libreoffice-fresh-sv","libreoffice-sv"
"libreoffice-fresh-sw-tz","libreoffice-sw-TZ"
"libreoffice-fresh-szl","libreoffice-szl"
"libreoffice-fresh-ta","libreoffice-ta"
"libreoffice-fresh-te","libreoffice-te"
"libreoffice-fresh-tg","libreoffice-tg"
"libreoffice-fresh-th","libreoffice-th"
"libreoffice-fresh-tn","libreoffice-tn"
"libreoffice-fresh-tr","libreoffice-tr"
"libreoffice-fresh-ts","libreoffice-ts"
"libreoffice-fresh-tt","libreoffice-tt"
"libreoffice-fresh-ug","libreoffice-ug"
"libreoffice-fresh-uk","libreoffice-uk"
"libreoffice-fresh-uz","libreoffice-uz"
"libreoffice-fresh-ve","libreoffice-ve"
"libreoffice-fresh-vec","libreoffice-vec"
"libreoffice-fresh-vi","libreoffice-vi"
"libreoffice-fresh-xh","libreoffice-xh"
"libreoffice-fresh-zh-cn","libreoffice-zh-CN"
"libreoffice-fresh-zh-tw","libreoffice-zh-TW"
"libreoffice-fresh-zu","libreoffice-zu"
"libreoffice-fresh","libreoffice-still"
"libreoffice-still-af","libreoffice-af"
"libreoffice-still-am","libreoffice-am"
"libreoffice-still-ar","libreoffice-ar"
"libreoffice-still-as","libreoffice-as"
"libreoffice-still-ast","libreoffice-ast"
"libreoffice-still-be","libreoffice-be"
"libreoffice-still-bg","libreoffice-bg"
"libreoffice-still-bn-in","libreoffice-bn-IN"
"libreoffice-still-bn","libreoffice-bn"
"libreoffice-still-bo","libreoffice-bo"
"libreoffice-still-br","libreoffice-br"
"libreoffice-still-brx","libreoffice-brx"
"libreoffice-still-bs","libreoffice-bs"
"libreoffice-still-ca-valencia","libreoffice-ca-valencia"
"libreoffice-still-ca","libreoffice-ca"
"libreoffice-still-ckb","libreoffice-ckb"
"libreoffice-still-cs","libreoffice-cs"
"libreoffice-still-cy","libreoffice-cy"
"libreoffice-still-da","libreoffice-da"
"libreoffice-still-de","libreoffice-de"
"libreoffice-still-dgo","libreoffice-dgo"
"libreoffice-still-dsb","libreoffice-dsb"
"libreoffice-still-dz","libreoffice-dz"
"libreoffice-still-el","libreoffice-el"
"libreoffice-still-en-gb","libreoffice-en-GB"
"libreoffice-still-en-za","libreoffice-en-ZA"
"libreoffice-still-eo","libreoffice-eo"
"libreoffice-still-es","libreoffice-es"
"libreoffice-still-et","libreoffice-et"
"libreoffice-still-eu","libreoffice-eu"
"libreoffice-still-fa","libreoffice-fa"
"libreoffice-still-fi","libreoffice-fi"
"libreoffice-still-fr","libreoffice-fr"
"libreoffice-still-fur","libreoffice-fur"
"libreoffice-still-fy","libreoffice-fy"
"libreoffice-still-ga","libreoffice-ga"
"libreoffice-still-gd","libreoffice-gd"
"libreoffice-still-gl","libreoffice-gl"
"libreoffice-still-gu","libreoffice-gu"
"libreoffice-still-gug","libreoffice-gug"
"libreoffice-still-he","libreoffice-he"
"libreoffice-still-hi","libreoffice-hi"
"libreoffice-still-hr","libreoffice-hr"
"libreoffice-still-hsb","libreoffice-hsb"
"libreoffice-still-hu","libreoffice-hu"
"libreoffice-still-id","libreoffice-id"
"libreoffice-still-is","libreoffice-is"
"libreoffice-still-it","libreoffice-it"
"libreoffice-still-ja","libreoffice-ja"
"libreoffice-still-ka","libreoffice-ka"
"libreoffice-still-kab","libreoffice-kab"
"libreoffice-still-kk","libreoffice-kk"
"libreoffice-still-km","libreoffice-km"
"libreoffice-still-kmr-latn","libreoffice-kmr-Latn"
"libreoffice-still-kn","libreoffice-kn"
"libreoffice-still-ko","libreoffice-ko"
"libreoffice-still-kok","libreoffice-kok"
"libreoffice-still-ks","libreoffice-ks"
"libreoffice-still-lb","libreoffice-lb"
"libreoffice-still-lo","libreoffice-lo"
"libreoffice-still-lt","libreoffice-lt"
"libreoffice-still-lv","libreoffice-lv"
"libreoffice-still-mai","libreoffice-mai"
"libreoffice-still-mk","libreoffice-mk"
"libreoffice-still-ml","libreoffice-ml"
"libreoffice-still-mn","libreoffice-mn"
"libreoffice-still-mni","libreoffice-mni"
"libreoffice-still-mr","libreoffice-mr"
"libreoffice-still-my","libreoffice-my"
"libreoffice-still-nb","libreoffice-nb"
"libreoffice-still-ne","libreoffice-ne"
"libreoffice-still-nl","libreoffice-nl"
"libreoffice-still-nn","libreoffice-nn"
"libreoffice-still-nr","libreoffice-nr"
"libreoffice-still-nso","libreoffice-nso"
"libreoffice-still-oc","libreoffice-oc"
"libreoffice-still-om","libreoffice-om"
"libreoffice-still-or","libreoffice-or"
"libreoffice-still-pa-in","libreoffice-pa-IN"
"libreoffice-still-pl","libreoffice-pl"
"libreoffice-still-pt-br","libreoffice-pt-BR"
"libreoffice-still-pt","libreoffice-pt"
"libreoffice-still-ro","libreoffice-ro"
"libreoffice-still-ru","libreoffice-ru"
"libreoffice-still-rw","libreoffice-rw"
"libreoffice-still-sa-in","libreoffice-sa-IN"
"libreoffice-still-sat","libreoffice-sat"
"libreoffice-still-sd","libreoffice-sd"
"libreoffice-still-sdk","libreoffice-fresh-sdk"
"libreoffice-still-si","libreoffice-si"
"libreoffice-still-sid","libreoffice-sid"
"libreoffice-still-sk","libreoffice-sk"
"libreoffice-still-sl","libreoffice-sl"
"libreoffice-still-sq","libreoffice-sq"
"libreoffice-still-sr-latn","libreoffice-sr-Latn"
"libreoffice-still-sr","libreoffice-sr"
"libreoffice-still-ss","libreoffice-ss"
"libreoffice-still-st","libreoffice-st"
"libreoffice-still-sv","libreoffice-sv"
"libreoffice-still-sw-tz","libreoffice-sw-TZ"
"libreoffice-still-szl","libreoffice-szl"
"libreoffice-still-ta","libreoffice-ta"
"libreoffice-still-te","libreoffice-te"
"libreoffice-still-tg","libreoffice-tg"
"libreoffice-still-th","libreoffice-th"
"libreoffice-still-tn","libreoffice-tn"
"libreoffice-still-tr","libreoffice-tr"
"libreoffice-still-ts","libreoffice-ts"
"libreoffice-still-tt","libreoffice-tt"
"libreoffice-still-ug","libreoffice-ug"
"libreoffice-still-uk","libreoffice-uk"
"libreoffice-still-uz","libreoffice-uz"
"libreoffice-still-ve","libreoffice-ve"
"libreoffice-still-vec","libreoffice-vec"
"libreoffice-still-vi","libreoffice-vi"
"libreoffice-still-xh","libreoffice-xh"
"libreoffice-still-zh-cn","libreoffice-zh-CN"
"libreoffice-still-zh-tw","libreoffice-zh-TW"
"libreoffice-still-zu","libreoffice-zu"
"libreoffice-still","libreoffice-fresh"
"librime-data","brise"
"libsigc++-docs","libsigc++2.0-docs"
"libsigc++","libsigc++2.0"
"libtool","libltdl"
"libtool","libtool-multilib"
"libudev0-shim","libudev0"
"libva-nvidia-driver","libva-vdpau-driver"
"libverto","krb5<1.19.3-2"
"libverto","libverto-libevent<0.3.2-4"
"libvpl","onevpl"
"libxml++2.6","libxml++2"
"libxmlrpc","xmlrpc-c"
"limesuite","soapylms7"
"linux-tools-meta","acpidump"
"liquid-dsp-sse4.1","liquid-dsp"
"lirc","lirc-utils"
"lite-xl","lite"
"localsearch","tracker3-miners<=3.7.3-2"
"log4cxx","log4cxx-svn"
"lttng-ust2.12","lttng-ust"
"lua-zlib","lua-lzlib"
"lua51-expat","luaexpat"
"lua51-sec","luasec"
"lua51-socket","luasocket"
"lua51-zlib","lua51-lzlib"
"lua52-zlib","lua52-lzlib"
"lua53-sdl2","lua-sdl2"
"lua53-zlib","lua53-lzlib"
"luit","xorg-luit"
"lvm2","lvm"
"lvm2","mkinitcpio<38-1"
"lxappearance-gtk3","lxappearance"
"lxappearance-obconf-gtk3","lxappearance-obconf"
"lxdm-gtk3","lxdm"
"lxhotkey-gtk3","lxhotkey"
"lxinput-gtk3","lxinput"
"lxlauncher-gtk3","lxlauncher"
"lxpanel-gtk3","lxpanel"
"lxqt-build-tools-qt5","lxqt-build-tools<2.0"
"lxrandr-gtk3","lxrandr"
"lxsession-gtk3","lxpolkit"
"lxsession-gtk3","lxsession"
"lxsession","lxpolkit"
"lxtask-gtk3","lxtask"
"lxterminal","lxterminal-gtk3"
"lychee","lychee-link-checker"
"lychee","lychee-rs"
"mailcap","mime-types"
"mailman3","mailman"
"mame","sdlmame"
"man-db","man"
"mandoc","man"
"mangohud","mangoapp"
"mangohud","mangohud-common"
"mangohud","mangohud-common-wayland"
"mangohud","mangohud-common-x11"
"mangohud","mangohud-wayland"
"mangohud","mangohud-x11"
"marco","marco-gtk3"
"mariadb-clients","mysql-clients"
"mariadb-libs","libmariadbclient"
"mariadb-libs","libmysqlclient"
"mariadb-libs","mariadb-connector-c"
"mariadb-lts-clients","mariadb-clients"
"mariadb-lts-clients","mysql-clients"
"mariadb-lts-libs","libmariadbclient"
"mariadb-lts-libs","libmysqlclient"
"mariadb-lts-libs","mariadb-connector-c"
"mariadb-lts-libs","mariadb-libs"
"mariadb-lts","mariadb"
"mariadb-lts","mysql"
"mariadb","mysql"
"master_me-standalone","master_me-jack"
"mate-applets","mate-applets-gtk3"
"mate-applets","mate-netspeed"
"mate-applets","mate-netspeed-gtk3"
"mate-control-center","mate-control-center-gtk3"
"mate-desktop","mate-desktop-gtk3"
"mate-desktop","mate-desktop-schemas"
"mate-media","mate-media-gtk3"
"mate-netbook","mate-netbook-gtk3"
"mate-notification-daemon","mate-notification-daemon-gtk3"
"mate-panel","mate-panel-gtk3"
"mate-polkit","mate-polkit-gtk3"
"mate-screensaver","mate-screensaver-gtk3"
"mate-session-manager","mate-session-manager-gtk3"
"mate-settings-daemon","mate-settings-daemon-gtk3"
"mate-system-monitor","mate-system-monitor-gtk3"
"mate-terminal","mate-terminal-gtk3"
"mate-user-share","mate-user-share-gtk3"
"mate-utils","mate-utils-gtk3"
"materia-gtk-theme","materia-theme"
"mbedtls","polarssl"
"mdadm","mkinitcpio<38"
"med-openmpi","med"
"mediathekview","mediathek"
"merkuro","kalendar"
"mesa-amber","mesa"
"mesa","libva-mesa-driver<1:24.2.7-1"
"mesa","mesa-libgl<17.0.1-2"
"mesa","mesa-vdpau<1:24.2.7-1"
"mingw-w64-winpthreads","mingw-w64-headers-bootstrap"
"miopen-hip","miopen"
"mitmproxy","pathod"
"mkinitcpio-systemd-tool","mkinitcpio-dropbear"
"mkinitcpio-systemd-tool","mkinitcpio-tinyssh"
"mkinitcpio-tinyssh","mkinitcpio-dropbear"
"molecule-plugins","molecule-containers"
"molecule-plugins","molecule-docker"
"molecule-plugins","molecule-podman"
"molecule-plugins","molecule-vagrant"
"mongo-c-driver","libbson"
"mongo-c-driver","libmongoc"
"monitoring-plugins","nagios-plugins"
"mono-msbuild-sdkresolver","msbuild-sdkresolver"
"mono-msbuild","msbuild"
"mono","monodoc"
"moosefs","mfs-chunkserver"
"moosefs","mfs-client"
"moosefs","mfs-master"
"mozo","mozo-gtk3"
"msmtp-mta","smtp-forwarder"
"mtr-gtk","mtr"
"mumble-server","murmur<1.5"
"mupdf-gl","mupdf"
"mutter46","mutter"
"ndiswrapper-dkms","NDISWRAPPER-MODULE"
"netcdf-fortran-openmpi","netcdf-fortran"
"netcdf-openmpi","netcdf"
"netstandard-targeting-pack","netstandard-targeting-pack-2.1"
"networkmanager-l2tp","networkmanager-l2tp-gtk3"
"networkmanager-l2tp","networkmanager-l2tp-gtk4"
"networkmanager-qt5","networkmanager-qt<5.111"
"new-session-manager","non-session-manager"
"nextcloud-client","nextcloud-client-cloudproviders"
"nginx-mainline-src","nginx-src"
"nginx-mainline","nginx"
"nim","nimble"
"nm-connection-editor","libnm-gtk<1.8.18-1"
"nodejs-lts-hydrogen","nodejs"
"nodejs-lts-iron","nodejs"
"nss-pam-ldapd","pam_ldap"
"ntfs-3g","ntfsprogs"
"nullmailer","smtp-forwarder"
"nullmailer","smtp-server"
"nut","network-ups-tools"
"nvidia-dkms","NVIDIA-MODULE"
"nvidia-dkms","nvidia"
"nvidia-open-dkms","NVIDIA-MODULE"
"nvidia-open-dkms","nvidia-open"
"nvidia-open","NVIDIA-MODULE"
"nvidia-utils","nvidia-libgl"
"ocl-icd","libcl"
"okularpart5","okular<24"
"ollama-cuda","ollama"
"ollama-rocm","ollama"
"onetbb","intel-tbb"
"onetbb","tbb"
"onnxruntime-opt-rocm","onnxruntime"
"onnxruntime-opt","onnxruntime"
"onnxruntime-rocm","onnxruntime"
"openbsd-netcat","gnu-netcat"
"opencl-clover-mesa","opencl-mesa"
"opencl-rusticl-mesa","opencl-mesa"
"opencv-cuda","opencv"
"openjade","jade"
"openmotif","lesstif"
"openntpd","ntp"
"openresolv","resolvconf"
"openscenegraph","openthreads"
"opensmtpd","smtp-forwarder"
"opensmtpd","smtp-server"
"orbiton-nano","nano"
"otf-droid-nerd","nerd-fonts-droid-sans-mono"
"otf-firamono-nerd","nerd-fonts-fira-mono"
"otf-hasklig-nerd","nerd-fonts-hasklig"
"otf-hermit-nerd","nerd-fonts-hermit"
"otf-ipaexfont","ttf-ipaex"
"otf-montserrat","montserrat-otf"
"otf-overpass-nerd","nerd-fonts-overpass"
"oxygen5","oxygen<5.27.80"
"p8-platform","libplatform"
"pacredir","pacserve"
"pandoc-cli","pandoc"
"pandoc-crossref","haskell-pandoc-crossref"
"paraview","paraview-opt"
"pass","passmenu"
"pcmanfm-gtk3","pcmanfm"
"pdfjs-legacy","pdfjs"
"pdfjs","pdfjs-legacy"
"percona-server-clients","mysql-clients"
"percona-server","mysql"
"perl-goocanvas2","perl-goo-canvas2"
"perl-html-element-extended","perl-html-elementtable"
"perl-html-form","perl-libwww<6"
"perl-html-formatter","perl-html-formattext"
"perl-http-message","perl-libwww<6"
"perl-image-sane","perl-sane"
"perl-mail-spf","perl-mail-spf-query"
"perl-net-http","perl-libwww<6"
"php-legacy","php-legacy-intl"
"php","php-intl"
"pifpaf","python-pifpaf"
"pigeonhole","dovecot-sieve"
"pigeonhole","pigeonhole-hg"
"pipewire-jack-client","pipewire-jack"
"pipewire-jack","jack"
"pipewire-jack","jack2"
"pipewire-jack","pipewire-jack-client"
"pipewire-media-session","wireplumber"
"pipewire-pulse","pulseaudio"
"pkgconf","pkg-config"
"plasma-activities-stats","kactivities-stats"
"plasma-activities","kactivities"
"plasma-applet-window-buttons","plasma5-applets-window-buttons"
"plasma-framework5","plasma-framework<5.111"
"plasma-workspace","plasma-wayland-session"
"plasma5-integration","plasma-integration<5.27.80"
"plocate","mlocate"
"pluma","pluma-gtk3"
"pnetcdf-openmpi","parallel-netcdf"
"pnetcdf-openmpi","parallel-netcdf-openmpi"
"podman-docker","docker"
"poppler-data","poppler<0.10.5"
"poppler","poppler-qt3<24.11.0"
"poppler","poppler-qt4<24.11.0"
"postfix","smtp-forwarder"
"postfix","smtp-server"
"postgresql-libs","postgresql-client"
"powerdns-recursor","pdns-recursor"
"powerdns","pdns"
"prison5","prison<5.111"
"prjtrellis","libtrellis"
"procinfo-ng","procinfo"
"procps-ng","procps"
"procps-ng","sysvinit-tools"
"profanity-gtk","profanity"
"proxychains-ng","proxychains"
"psi-nowebengine","psi"
"pulseaudio","pipewire-pulse"
"puppet","hiera"
"puppet","puppet5"
"puppet","puppet6"
"purpose","purpose5<5.114.0-2"
"purpose5","purpose<5.111"
"python-absl","absl-py"
"python-adb-shell","python-adb_shell"
"python-argon2-cffi","python-argon2_cffi"
"python-astroid","python-logilab-astng"
"python-cogapp","cocogitto"
"python-configshell-fb","python-configshell"
"python-cpplint","cpplint"
"python-dbus-docs","dbus-python-docs"
"python-dbus","dbus-python"
"python-dbus","python-dbus-common"
"python-django-q2","python-django-q"
"python-docker","python-docker-py"
"python-faust-cchardet","python-cchardet"
"python-flask-security-too","python-flask-security"
"python-ghp-import","ghp-import"
"python-gobject","pygobject-devel"
"python-h5py-openmpi","python-h5py"
"python-h5py","hdf5-openmpi"
"python-hid","python-hidapi"
"python-i3ipc","i3ipc-python"
"python-imaplib2","python-imaplib2-git"
"python-ipip-ipdb","python-ipdb"
"python-jaraco.classes","python-jaraco"
"python-jaraco.collections","python-jaraco"
"python-jaraco.functools","python-jaraco"
"python-jaraco.itertools","python-jaraco"
"python-jaraco.logging","python-jaraco"
"python-jaraco.stream","python-jaraco"
"python-jaraco.text","python-jaraco"
"python-jupyter-client","python-jupyter_client"
"python-jupyter-core","python-jupyter_core"
"python-jupyter-packaging","python-jupyter_packaging"
"python-jupyterlab-server","jupyterlab_server"
"python-jupyterlab-server","python-jupyterlab_server"
"python-keras","python-keras-preprocessing"
"python-netcdf4-openmpi","python-netcdf4"
"python-olefile","python3-olefileio"
"python-onnxruntime-opt-rocm","python-onnxruntime"
"python-onnxruntime-opt","python-onnxruntime"
"python-onnxruntime-rocm","python-onnxruntime"
"python-path","python-path.py"
"python-pillow-heif","python-pillow_heif"
"python-prettytable","python-ptable"
"python-pycryptodome","python-crypto"
"python-pycuda","pycuda-headers"
"python-pygments","pygmentize"
"python-pylint-plugin-utils","python-pylint-plugin-utils"
"python-pylint-plugin-utils","python-pylint-plugin-utils-git"
"python-pylint-pydantic","python-pylint-pydantic"
"python-pylint-pydantic","python-pylint-pydantic-git"
"python-pymacaroons","python-pymacaroons-pynacl"
"python-pyqt5-webengine","pyqtwebengine-common"
"python-pyqt5-webengine","python-pyqtwebwengine"
"python-pyqt5","pyqt5-common"
"python-pytorch-cuda","python-pytorch"
"python-pytorch-opt-cuda","python-pytorch"
"python-pytorch-opt-rocm","python-pytorch"
"python-pytorch-opt","python-pytorch"
"python-pytorch-rocm","python-pytorch"
"python-pywlroots","pywlroots"
"python-pyxdg","python-xdg"
"python-softlayer-zeep","python-zeep"
"python-sqlalchemy1.4","python-sqlalchemy"
"python-srt","python-pysrt"
"python-tensorflow-cuda","python-tensorflow"
"python-tensorflow-opt-cuda","python-tensorflow"
"python-tensorflow-opt","python-tensorflow"
"python-tensorflow-serving-api-gpu","python-tensorflow-serving-api"
"python-torchvision-cuda","python-torchvision"
"python-update-checker","python-update_checker"
"python-virtualenv","virtualenv"
"python-z3-solver","python-z3"
"python-zipstream-ng","python-zipstream"
"qca-qt5","qca"
"qcoro","qcoro-qt6"
"qemu-common","qemu-system-nios2"
"qemu-user-binfmt","qemu-user-binfmt-provider"
"qemu-user-static-binfmt","qemu-user-binfmt-provider"
"qqc2-desktop-style5","qqc2-desktop-style<5.111"
"qt5-base","qtchooser"
"qt5-declarative","qtchooser"
"qt5-tools","qtchooser"
"qt5-xmlpatterns","qtchooser"
"qtkeychain-qt5","qtkeychain"
"qtqr","python-qrtools"
"qtxdg-tools","libqtxdg<3.9.1"
"quassel-client-qt","quassel-client"
"quassel-client","quassel-client-qt"
"quassel-monolithic-qt","quassel-monolithic"
"quassel-monolithic","quassel-monolithic-qt"
"racket-minimal","racket"
"racket","racket-docs"
"rage-encryption","rage"
"rdma-core","ibacm"
"rdma-core","infiniband-diags"
"rdma-core","libcxgb3"
"rdma-core","libcxgb4"
"rdma-core","libibcm"
"rdma-core","libibmad"
"rdma-core","libibumad"
"rdma-core","libibverbs"
"rdma-core","libiwpm"
"rdma-core","libmlx4"
"rdma-core","libmlx5"
"rdma-core","libmthca"
"rdma-core","libnes"
"rdma-core","libocrdma"
"rdma-core","librdmacm"
"rdma-core","rdma"
"rdma-core","srptools"
"redo-python","redo-c"
"redo-python","redo-jdebp"
"redo-python","redo-sh"
"redo-sh","redo-c"
"redo-sh","redo-jdebp"
"redo-sh","redo-python"
"referenceassemblies-pcl","mono-pcl"
"rofi-wayland","rofi"
"root-cuda","root"
"ropper","python-ropper"
"rpm-tools","rpm"
"rpm-tools","rpmextract"
"rssguard-lite","rssguard"
"ruby-bundled-gems","ruby-bundledgems"
"ruby-pkg-config","ruby-pkgconfig"
"ruby-ronn-ng","ruby-ronn"
"ruby","ruby-abbrev"
"ruby","ruby-base64"
"ruby","ruby-benchmark"
"ruby","ruby-bigdecimal"
"ruby","ruby-cgi"
"ruby","ruby-csv"
"ruby","ruby-date"
"ruby","ruby-delegate"
"ruby","ruby-did_you_mean"
"ruby","ruby-digest"
"ruby","ruby-drb"
"ruby","ruby-english"
"ruby","ruby-etc"
"ruby","ruby-fcntl"
"ruby","ruby-fiddle"
"ruby","ruby-fileutils"
"ruby","ruby-find"
"ruby","ruby-forwardable"
"ruby","ruby-getoptlong"
"ruby","ruby-io-console"
"ruby","ruby-io-nonblock"
"ruby","ruby-io-wait"
"ruby","ruby-ipaddr"
"ruby","ruby-json"
"ruby","ruby-logger"
"ruby","ruby-mutex_m"
"ruby","ruby-net-http"
"ruby","ruby-open-uri"
"ruby","ruby-psych"
"ruby","ruby-reline"
"ruby","ruby-ruby2_keywords"
"ruby","ruby-set"
"ruby","ruby-stringio"
"ruby","ruby-time"
"ruby","ruby-tmpdir"
"ruby","ruby-uri"
"rust","cargo"
"rust","rust-docs<1:1.56.1-3"
"rust","rustfmt"
"rustup","cargo"
"rustup","rust"
"rustup","rustfmt"
"s-nail","heirloom-mailx"
"s-nail","mailx"
"s-nail","mailx-heirloom"
"s2n-tls","s2n"
"s3fs-fuse","s3fs"
"salt","salt-raet"
"salt","salt-zmq"
"scantailor-advanced","scantailor"
"schroot","dchroot"
"sdl12-compat","sdl"
"secrets","gnome-passwordsafe"
"selene","selene-linter"
"solid5","solid<5.111"
"sonnet5","sonnet<5.111"
"spike","fesvr"
"srslte-avx2","srslte"
"srslte","srsenb"
"srslte","srsepc"
"srslte","srsue"
"stack","haskell-stack"
"supermin","febootstrap<=3.21"
"svgo","nodejs-svgo"
"syndication5","syndication<5.111"
"syntax-highlighting5","syntax-highlighting<5.111"
"syslog-ng","eventlog"
"system76-firmware","system76-firmware-daemon"
"systemd-libs","libsystemd"
"systemd-resolvconf","resolvconf"
"systemd-sysvcompat","sysvinit"
"systemd-ukify","mkinitcpio<38-1"
"systemd","nss-myhostname"
"systemd","systemd-tools"
"systemd","udev"
"systray-x-common","systray-x"
"systray-x-kde","systray-x"
"tealdeer","tldr"
"teensy_loader_cli","teensy-loader-cli"
"tensorflow-cuda","tensorflow"
"tensorflow-opt-cuda","tensorflow"
"tensorflow-opt","tensorflow"
"terminus-font","terminus-font-otb"
"texlive-basic","texlive-core"
"texlive-binextra","git-latexdiff"
"texlive-langother","texlive-langextra"
"texlive-mathscience","texlive-science"
"threadweaver5","threadweaver<5.111"
"threejs-sage","three.js"
"tidy","tidyhtml"
"tigervnc","tightvnc"
"tinysparql","tracker3<=3.7.3-2"
"tinyssh","tinyssh-convert"
"tinyxxd","xxd"
"tlp","laptop-mode-tools"
"tlp","pm-utils"
"tlp","power-profiles-daemon"
"torchvision-cuda","torchvision"
"totem-pl-parser","totem-plparser"
"totem","totem-plugin"
"toxcore","tox"
"trayer","trayer-srg"
"treedec","tdlib"
"trivy","trivy"
"ttf-agave-nerd","nerd-fonts-agave"
"ttf-anonymouspro-nerd","nerd-fonts-anonymous-pro"
"ttf-arimo-nerd","nerd-fonts-arimo"
"ttf-bitstream-vera-mono-nerd","nerd-fonts-bitstream-vera-mono"
"ttf-cascadia-code-nerd","nerd-fonts-cascadia-code"
"ttf-dejavu-nerd","nerd-fonts-dejavu-complete"
"ttf-fantasque-nerd","nerd-fonts-fantasque-sans-mono"
"ttf-firacode-nerd","nerd-fonts-fira-code"
"ttf-go-nerd","nerd-fonts-go-mono"
"ttf-hack-nerd","nerd-fonts-hack"
"ttf-ibm-plex","ibm-plex-fonts"
"ttf-ibmplex-mono-nerd","nerd-fonts-ibm-plex-mono"
"ttf-inconsolata-go-nerd","nerd-fonts-inconsolata-go"
"ttf-inconsolata-lgc-nerd","nerd-fonts-inconsolatalgc"
"ttf-inconsolata-nerd","nerd-fonts-inconsolata"
"ttf-iosevka-nerd","nerd-fonts-iosevka"
"ttf-jetbrains-mono-nerd","nerd-fonts-jetbrains-mono"
"ttf-joypixels","ttf-emojione"
"ttf-liberation-mono-nerd","nerd-fonts-liberation-mono"
"ttf-meslo-nerd","nerd-fonts-meslo"
"ttf-monofur-nerd","nerd-fonts-monofur"
"ttf-monoid-nerd","nerd-fonts-monoid"
"ttf-mononoki-nerd","nerd-fonts-mononoki"
"ttf-montserrat","montserrat-ttf"
"ttf-mplus-nerd","nerd-fonts-mplus"
"ttf-nerd-fonts-symbols-mono","ttf-nerd-fonts-symbols-1000-em-mono"
"ttf-nerd-fonts-symbols-mono","ttf-nerd-fonts-symbols-2048-em-mono"
"ttf-nerd-fonts-symbols","ttf-nerd-fonts-symbols-1000-em"
"ttf-nerd-fonts-symbols","ttf-nerd-fonts-symbols-2048-em"
"ttf-noto-nerd","nerd-fonts-noto"
"ttf-profont-nerd","nerd-fonts-profont"
"ttf-roboto-mono-nerd","nerd-fonts-roboto-mono"
"ttf-sourcecodepro-nerd","nerd-fonts-source-code-pro"
"ttf-space-mono-nerd","nerd-fonts-source-space-mono"
"ttf-terminus-nerd","nerd-fonts-terminus"
"ttf-tinos-nerd","nerd-fonts-source-tinos"
"ttf-ubuntu-mono-nerd","nerd-fonts-ubuntu-mono"
"ttf-ubuntu-mono-nerd","ttf-ubuntumono-nerd"
"ttf-ubuntu-nerd","nerd-fonts-ubuntu"
"ttf-victor-mono-nerd","ttf-nerd-fonts-victor-mono"
"tuned-ppd","power-profiles-daemon"
"twine","python-twine"
"udp2raw","udp2raw-tunnel"
"ueberzugpp","ueberzug"
"ukui-wallpapers","ubuntukylin-wallpapers"
"unrealircd","ircd"
"util-linux-libs","libutil-linux"
"util-linux","hardlink"
"util-linux","rfkill"
"v4l-utils","libv4l"
"vagrant","vagrant-substrate"
"vala","valadoc"
"valkey","redis"
"vbam-sdl","vbam-wx"
"vbam-wx","vbam-sdl"
"vhba-module-dkms","vhba-module"
"vim","gvim"
"vim","vim-minimal"
"virtualbox-guest-iso","virtualbox-additions"
"virtualbox-guest-iso","virtualbox-iso-additions"
"virtualbox-guest-utils-nox","virtualbox-guest-dkms"
"virtualbox-guest-utils-nox","virtualbox-guest-utils"
"virtualbox-guest-utils","virtualbox-archlinux-additions"
"virtualbox-guest-utils","virtualbox-guest-additions"
"virtualbox-guest-utils","virtualbox-guest-dkms"
"virtualbox-guest-utils","virtualbox-guest-utils-nox"
"virtualbox-host-dkms","virtualbox-host-source"
"virtualbox-host-dkms","virtualbox-source"
"virtualbox-host-modules-arch","virtualbox-host-dkms"
"virtualbox-host-modules-arch","virtualbox-host-modules"
"virtualbox-host-modules-arch","virtualbox-modules"
"virtualbox","virtualbox-ose"
"vlc","vlc-plugin"
"vpl-gpu-rt","onevpl-intel-gpu"
"vulkan-extra-tools","vulkan-trace<1.2.148.1"
"vulkan-mesa-layers","vulkan-mesa-layer"
"vulkan-swrast","vulkan-mesa"
"vulscan","nmap-vulscan"
"wacomtablet","kcm-wacomtablet"
"waifu2x-ncnn-vulkan","waifu2x-ncnn-vulkan-git"
"warsow","warsow"
"waylandpp","waylandpp-git"
"web-ext","nodejs-web-ext"
"wezterm","wezterm-shell-integration"
"whipper","accuraterip-checksum"
"wine-staging","wine"
"wireless-regdb","crda"
"wireplumber","pipewire-media-session"
"wireshark-cli","wireshark"
"wireshark-qt","wireshark"
"wireshark-qt","wireshark-common"
"wireshark-qt","wireshark-gtk"
"wlroots0.17","wlroots<0.18"
"woob","weboob"
"wxwidgets-common","wxgtk-common"
"wxwidgets-gtk3","wxgtk3"
"x264","libx264"
"x264","libx264-10bit"
"x264","libx264-all"
"xapp","xapps"
"xarchiver-gtk2","xarchiver"
"xdg-desktop-portal-gnome","xdg-desktop-portal-gtk<1.10.0-2"
"xf86-input-elographics","X-ABI-XINPUT_VERSION<24"
"xf86-input-elographics","X-ABI-XINPUT_VERSION>=25"
"xf86-input-elographics","xorg-server<21.1.1"
"xf86-input-evdev","X-ABI-XINPUT_VERSION<24"
"xf86-input-evdev","X-ABI-XINPUT_VERSION>=25"
"xf86-input-evdev","xorg-server<21.1.1"
"xf86-input-libinput","X-ABI-XINPUT_VERSION<24"
"xf86-input-libinput","X-ABI-XINPUT_VERSION>=25"
"xf86-input-libinput","xorg-server<1.19.0"
"xf86-input-synaptics","synaptics"
"xf86-input-vmmouse","X-ABI-XINPUT_VERSION<24"
"xf86-input-vmmouse","X-ABI-XINPUT_VERSION>=25"
"xf86-input-vmmouse","xorg-server<21.1.1"
"xf86-input-void","X-ABI-XINPUT_VERSION<24"
"xf86-input-void","X-ABI-XINPUT_VERSION>=25"
"xf86-input-void","xorg-server<21.1.1"
"xf86-input-wacom","X-ABI-XINPUT_VERSION<24"
"xf86-input-wacom","X-ABI-XINPUT_VERSION>=25"
"xf86-input-wacom","xorg-server<21.1.1"
"xf86-video-amdgpu","X-ABI-VIDEODRV_VERSION<25"
"xf86-video-amdgpu","X-ABI-VIDEODRV_VERSION>=26"
"xf86-video-amdgpu","xorg-server<1.20.0"
"xf86-video-ati","X-ABI-VIDEODRV_VERSION<25"
"xf86-video-ati","X-ABI-VIDEODRV_VERSION>=26"
"xf86-video-ati","xorg-server<21.1.1"
"xf86-video-dummy","X-ABI-VIDEODRV_VERSION<25"
"xf86-video-dummy","X-ABI-VIDEODRV_VERSION>=26"
"xf86-video-dummy","xorg-server<21.1.1"
"xf86-video-fbdev","X-ABI-VIDEODRV_VERSION<25"
"xf86-video-fbdev","X-ABI-VIDEODRV_VERSION>=26"
"xf86-video-fbdev","xorg-server<21.1.1"
"xf86-video-intel","X-ABI-VIDEODRV_VERSION<25"
"xf86-video-intel","X-ABI-VIDEODRV_VERSION>=26"
"xf86-video-intel","xf86-video-i810"
"xf86-video-intel","xf86-video-intel-legacy"
"xf86-video-intel","xf86-video-intel-sna"
"xf86-video-intel","xf86-video-intel-uxa"
"xf86-video-intel","xorg-server<21.1.1"
"xf86-video-nouveau","X-ABI-VIDEODRV_VERSION<25"
"xf86-video-nouveau","X-ABI-VIDEODRV_VERSION>=26"
"xf86-video-nouveau","xorg-server<21.1.1"
"xf86-video-qxl","X-ABI-VIDEODRV_VERSION<25"
"xf86-video-qxl","X-ABI-VIDEODRV_VERSION>=26"
"xf86-video-qxl","xf86-video-qxl-git"
"xf86-video-sisusb","X-ABI-VIDEODRV_VERSION<25"
"xf86-video-sisusb","X-ABI-VIDEODRV_VERSION>=26"
"xf86-video-sisusb","xorg-server<21.1.1"
"xf86-video-vesa","X-ABI-VIDEODRV_VERSION<25"
"xf86-video-vesa","X-ABI-VIDEODRV_VERSION>=26"
"xf86-video-vesa","xorg-server<21.1.1"
"xf86-video-vmware","X-ABI-VIDEODRV_VERSION<25"
"xf86-video-vmware","X-ABI-VIDEODRV_VERSION>=26"
"xf86-video-vmware","xorg-server<21.1.1"
"xf86-video-voodoo","X-ABI-VIDEODRV_VERSION<25"
"xf86-video-voodoo","X-ABI-VIDEODRV_VERSION>=26"
"xf86-video-voodoo","xorg-server<21.1.1"
"xkeyboard-config","xkbdata"
"xorg-appres","xorg-res-utils"
"xorg-font-util","font-util"
"xorg-fonts-alias-75dpi","xorg-fonts-alias"
"xorg-fonts-alias-100dpi","xorg-fonts-alias"
"xorg-fonts-alias-cyrillic","xorg-fonts-alias"
"xorg-fonts-alias-misc","xorg-fonts-alias"
"xorg-fonttosfnt","fonttosfnt"
"xorg-mkfontscale","xorg-mkfontdir"
"xorg-server","glamor-egl"
"xorg-server","nvidia-utils<=331.20"
"xorg-server","xf86-video-modesetting"
"xorg-xwayland","xorg-server-xwayland"
"yabause-qt","yabause-gtk"
"yq","go-yq"
"yubico-c-client","ykclient"
"yubico-c","libyubikey"
"yubico-pam","pam_yubico"
"yubikey-personalization-gui","yubikey-personalization-tool"
"yubikey-personalization","ykpers"
"zathura-pdf-mupdf","zathura-pdf-poppler"
"zbar","python-zbar"
"zbar","zbar-gtk"
"zbar","zbar-qt"
"zeitgeist","zeitgeist-datahub"
"zim-tools","zimwriterfs"
