a2jmidid,pro-audio
accerciser,gnome-extra
accessibility-inspector,kde-accessibility
accessibility-inspector,kde-applications
adljack,pro-audio
adlplug-lv2,lv2-plugins
adlplug-lv2,pro-audio
adlplug-standalone,pro-audio
adlplug-vst,pro-audio
adlplug-vst,vst-plugins
aeolus,pro-audio
agordejo,pro-audio
aida-x-clap,clap-plugins
aida-x-clap,pro-audio
aida-x-lv2,lv2-plugins
aida-x-lv2,pro-audio
aida-x-vst,pro-audio
aida-x-vst,vst-plugins
aida-x-vst3,pro-audio
aida-x-vst3,vst3-plugins
aj-snapshot,pro-audio
akonadi-calendar-tools,kde-applications
akonadi-calendar-tools,kde-pim
akonadi-import-wizard,kde-applications
akonadi-import-wizard,kde-pim
akonadiconsole,kde-applications
akonadiconsole,kde-pim
akregator,kde-applications
akregator,kde-pim
aliki,pro-audio
alligator,kde-applications
alligator,kde-network
amb-plugins,ladspa-plugins
amb-plugins,pro-audio
ambdec,pro-audio
ambix-lv2,lv2-plugins
ambix-lv2,pro-audio
ambix-standalone,pro-audio
ambix-vst,pro-audio
ambix-vst,vst-plugins
ams,pro-audio
amsynth-common,dssi-plugins
amsynth-common,lv2-plugins
amsynth-common,pro-audio
amsynth-common,vst-plugins
amsynth-dssi,dssi-plugins
amsynth-dssi,lv2-plugins
amsynth-dssi,pro-audio
amsynth-dssi,vst-plugins
amsynth-lv2,dssi-plugins
amsynth-lv2,lv2-plugins
amsynth-lv2,pro-audio
amsynth-lv2,vst-plugins
amsynth-standalone,dssi-plugins
amsynth-standalone,lv2-plugins
amsynth-standalone,pro-audio
amsynth-standalone,vst-plugins
amsynth-vst,dssi-plugins
amsynth-vst,lv2-plugins
amsynth-vst,pro-audio
amsynth-vst,vst-plugins
amsynth,dssi-plugins
amsynth,lv2-plugins
amsynth,pro-audio
amsynth,vst-plugins
angelfish,kde-applications
angelfish,kde-network
arca,maui
arch-rebuild-order,archlinux-tools
arch-repro-status,archlinux-tools
arch-signoff,archlinux-tools
ardour,pro-audio
arduino-cli,arduino
arianna,kde-applications
arianna,kde-graphics
ark,kde-applications
ark,kde-utilities
artikulate,kde-applications
artikulate,kde-education
artyfx,lv2-plugins
artyfx,pro-audio
atril,mate-extra
attica,kf6
attica5,kf5
aubio,pro-audio
audacity,pro-audio
audex,kde-applications
audex,kde-multimedia
audiocd-kio,kde-applications
audiocd-kio,kde-multimedia
audiotube,kde-applications
audiotube,kde-multimedia
avldrums.lv2,lv2-plugins
avldrums.lv2,pro-audio
baloo,kf6
baobab,gnome
bchoppr,lv2-plugins
bchoppr,pro-audio
bespokesynth,pro-audio
blinken,kde-applications
blinken,kde-education
blop,ladspa-plugins
blop,pro-audio
blop.lv2,lv2-plugins
blop.lv2,pro-audio
bluedevil,plasma
bluez-qt,kf6
bluez-qt5,kf5
bomber,kde-applications
bomber,kde-games
bootconfig,linux-tools
bovo,kde-applications
bovo,kde-games
bpf,linux-tools
breeze-gtk,plasma
breeze-icons,kf6
breeze-plymouth,plasma
breeze,plasma
browserpass-firefox,firefox-addons
bsequencer,lv2-plugins
bsequencer,pro-audio
bshapr,lv2-plugins
bshapr,pro-audio
bslizr,lv2-plugins
bslizr,pro-audio
budgie-backgrounds,budgie
budgie-control-center,budgie
budgie-desktop-view,budgie
budgie-desktop,budgie
budgie-screensaver,budgie
budgie-session,budgie
buho,maui
caja-actions,mate-extra
caja-audio-video-properties,mate-extra
caja-image-converter,mate-extra
caja-open-terminal,mate-extra
caja-sendto,mate-extra
caja-share,mate-extra
caja-wallpaper,mate-extra
caja-xattr-tags,mate-extra
caja,mate
calf,lv2-plugins
calf,pro-audio
cantor,kde-applications
cantor,kde-education
capnet-assist,pantheon
caps,ladspa-plugins
caps,pro-audio
cardinal-clap,clap-plugins
cardinal-clap,pro-audio
cardinal-lv2,lv2-plugins
cardinal-lv2,pro-audio
cardinal-standalone,pro-audio
cardinal-vst,pro-audio
cardinal-vst,vst-plugins
cardinal-vst3,pro-audio
cardinal-vst3,vst3-plugins
carla,pro-audio
cervisia,kde-applications
cervisia,kde-sdk
cheese,gnome-extra
chuck,pro-audio
cmctl,kubectl-plugins
cmt,ladspa-plugins
cmt,pro-audio
coin-or-asl,coin-or
coin-or-cbc,coin-or
coin-or-cgl,coin-or
coin-or-clp,coin-or
coin-or-coinutils,coin-or
coin-or-data-sample,coin-or
coin-or-mp,coin-or
coin-or-osi,coin-or
colord-kde,kde-applications
colord-kde,kde-graphics
communicator,maui
contractor,pantheon
coq-doc,coq
coq,coq
coqide,coq
cosmic-app-library,cosmic
cosmic-applets,cosmic
cosmic-bg,cosmic
cosmic-comp,cosmic
cosmic-files,cosmic
cosmic-greeter,cosmic
cosmic-idle,cosmic
cosmic-launcher,cosmic
cosmic-notifications,cosmic
cosmic-osd,cosmic
cosmic-panel,cosmic
cosmic-randr,cosmic
cosmic-screenshot,cosmic
cosmic-session,cosmic
cosmic-settings-daemon,cosmic
cosmic-settings,cosmic
cosmic-store,cosmic
cosmic-terminal,cosmic
cosmic-text-editor,cosmic
cosmic-wallpapers,cosmic
cosmic-workspaces,cosmic
cpupower,linux-tools
crictl,kubernetes-tools
critest,kubernetes-tools
csound-plugins,pro-audio
csound,pro-audio
csoundqt,pro-audio
cutefish-calculator,cutefish
cutefish-core,cutefish
cutefish-dock,cutefish
cutefish-filemanager,cutefish
cutefish-icons,cutefish
cutefish-launcher,cutefish
cutefish-qt-plugins,cutefish
cutefish-screenlocker,cutefish
cutefish-settings,cutefish
cutefish-statusbar,cutefish
cutefish-terminal,cutefish
cutefish-wallpapers,cutefish
d-spy,gnome-extra
dcd,dlang
dconf-editor,gnome-extra
deepin-account-faces,deepin
deepin-album,deepin-extra
deepin-anything,deepin
deepin-api,deepin
deepin-app-services,deepin
deepin-appearance,deepin
deepin-application-manager,deepin
deepin-boot-maker,deepin-extra
deepin-calculator,deepin-extra
deepin-calendar,deepin
deepin-camera,deepin-extra
deepin-clipboard,deepin-extra
deepin-clone,deepin-extra
deepin-community-wallpapers,deepin-extra
deepin-compressor,deepin-extra
deepin-control-center,deepin
deepin-daemon,deepin
deepin-desktop-base,deepin
deepin-desktop-schemas,deepin
deepin-desktop-theme,deepin
deepin-device-formatter,deepin-extra
deepin-draw,deepin-extra
deepin-editor,deepin-extra
deepin-file-manager,deepin
deepin-font-manager,deepin-extra
deepin-grand-search,deepin-extra
deepin-gtk-theme,deepin
deepin-icon-theme,deepin
deepin-image-viewer,deepin
deepin-menu,deepin
deepin-movie,deepin-extra
deepin-music,deepin-extra
deepin-network-core,deepin
deepin-network-utils,deepin
deepin-picker,deepin-extra
deepin-polkit-agent-ext-gnomekeyring,deepin
deepin-polkit-agent,deepin
deepin-printer,deepin-extra
deepin-pw-check,deepin
deepin-qt5integration,deepin
deepin-qt5platform-plugins,deepin
deepin-qt6integration,deepin
deepin-qt6platform-plugins,deepin
deepin-reader,deepin-extra
deepin-screen-recorder,deepin-extra
deepin-screensaver-pp,deepin-extra
deepin-screensaver,deepin
deepin-session-shell,deepin
deepin-session-ui,deepin
deepin-session,deepin
deepin-shell,deepin
deepin-shortcut-viewer,deepin
deepin-sound-theme,deepin
deepin-system-monitor,deepin
deepin-terminal,deepin-extra
deepin-turbo,deepin
deepin-voice-note,deepin-extra
deepin-wallpapers,deepin
deepin-widgets,deepin
deepin-wloutput-daemon,deepin
devhelp,gnome-extra
dexed-clap,clap-plugins
dexed-clap,pro-audio
dexed-docs,pro-audio
dexed-standalone,pro-audio
dexed-vst3,pro-audio
dexed-vst3,vst3-plugins
dexed,pro-audio
dfmt,dlang
dgedit,pro-audio
din,pro-audio
discover,plasma
distrho-ports-lv2,lv2-plugins
distrho-ports-lv2,pro-audio
distrho-ports-vst,pro-audio
distrho-ports-vst,vst-plugins
distrho-ports-vst3,pro-audio
distrho-ports-vst3,vst3-plugins
dmd-docs,dlang
dmd-docs,dlang-dmd
dmd,dlang
dmd,dlang-dmd
docparser,deepin
dolphin-plugins,kde-applications
dolphin-plugins,kde-sdk
dolphin,kde-applications
dolphin,kde-system
dpf-plugins-clap,clap-plugins
dpf-plugins-clap,pro-audio
dpf-plugins-dssi,dssi-plugins
dpf-plugins-dssi,pro-audio
dpf-plugins-ladspa,ladspa-plugins
dpf-plugins-ladspa,pro-audio
dpf-plugins-lv2,lv2-plugins
dpf-plugins-lv2,pro-audio
dpf-plugins-vst,pro-audio
dpf-plugins-vst,vst-plugins
dpf-plugins-vst3,pro-audio
dpf-plugins-vst3,vst3-plugins
dragon,kde-applications
dragon,kde-multimedia
dragonfly-reverb-clap,clap-plugins
dragonfly-reverb-clap,pro-audio
dragonfly-reverb-lv2,lv2-plugins
dragonfly-reverb-lv2,pro-audio
dragonfly-reverb-standalone,pro-audio
dragonfly-reverb-vst,pro-audio
dragonfly-reverb-vst,vst-plugins
dragonfly-reverb-vst3,pro-audio
dragonfly-reverb-vst3,vst3-plugins
drkonqi,plasma
drumgizmo-lv2,lv2-plugins
drumgizmo-lv2,pro-audio
drumgizmo-standalone,pro-audio
drumkv1-lv2,lv2-plugins
drumkv1-lv2,pro-audio
drumkv1-standalone,pro-audio
dscanner,dlang
dsp,ladspa-plugins
dtools,dlang
dub,dlang
ebumeter,pro-audio
ecasound,pro-audio
element,pro-audio
elementary-icon-theme,pantheon
elementary-wallpapers,pantheon
elephantdsp-roomreverb-clap,clap-plugins
elephantdsp-roomreverb-clap,pro-audio
elephantdsp-roomreverb-lv2,lv2-plugins
elephantdsp-roomreverb-lv2,pro-audio
elephantdsp-roomreverb-vst3,pro-audio
elephantdsp-roomreverb-vst3,vst3-plugins
elisa,kde-applications
elisa,kde-multimedia
endeavour,gnome-extra
engrampa,mate-extra
eog,gnome-extra
eom,mate-extra
epiphany,gnome
eq10q,lv2-plugins
eq10q,pro-audio
eteroj.lv2,lv2-plugins
eteroj.lv2,pro-audio
evince,gnome
evolution,gnome-extra
exo,xfce4
extra-cmake-modules,kf6
fabla,lv2-plugins
fabla,pro-audio
falkon,kde-applications
falkon,kde-network
faust,pro-audio
fcitx-qt5,fcitx-im
fcitx-qt6,fcitx-im
fcitx,fcitx-im
fcitx5-configtool,fcitx5-im
fcitx5-gtk,fcitx5-im
fcitx5-qt,fcitx5-im
fcitx5,fcitx5-im
feeluown-bilibili,feeluown-full
feeluown-kuwo,feeluown-full
feeluown-netease,feeluown-full
feeluown-qqmusic,feeluown-full
feeluown,feeluown-full
ffmpegthumbs,kde-applications
ffmpegthumbs,kde-multimedia
fiery,maui
fil-plugins,ladspa-plugins
fil-plugins,pro-audio
file-roller,gnome-extra
filelight,kde-applications
filelight,kde-utilities
firefox-adblock-plus,firefox-addons
firefox-dark-reader,firefox-addons
firefox-decentraleyes,firefox-addons
firefox-extension-mailvelope,firefox-addons
firefox-extension-passff,firefox-addons
firefox-noscript,firefox-addons
firefox-tree-style-tab,firefox-addons
firefox-tridactyl,firefox-addons
firefox-ublock-origin,firefox-addons
five-or-more,gnome-extra
flatpak-kcm,plasma
fluidsynth,pro-audio
fomp.lv2,lv2-plugins
fomp.lv2,pro-audio
four-in-a-row,gnome-extra
fprintd,fprint
frameworkintegration,kf6
frameworkintegration5,kf5
francis,kde-applications
francis,kde-utilities
freepats-general-midi,soundfonts
freewheeling,pro-audio
furnace,pro-audio
g2reverb,ladspa-plugins
g2reverb,pro-audio
gala,pantheon
gambas3-dev-tools,gambas3
gambas3-gb-args,gambas3
gambas3-gb-cairo,gambas3
gambas3-gb-chart,gambas3
gambas3-gb-clipper,gambas3
gambas3-gb-complex,gambas3
gambas3-gb-compress,gambas3
gambas3-gb-crypt,gambas3
gambas3-gb-data,gambas3
gambas3-gb-db-form,gambas3
gambas3-gb-db-mysql,gambas3
gambas3-gb-db-odbc,gambas3
gambas3-gb-db-postgresql,gambas3
gambas3-gb-db-sqlite3,gambas3
gambas3-gb-db,gambas3
gambas3-gb-dbus,gambas3
gambas3-gb-desktop-gnome,gambas3
gambas3-gb-desktop-x11,gambas3
gambas3-gb-desktop,gambas3
gambas3-gb-eval-highlight,gambas3
gambas3-gb-form-dialog,gambas3
gambas3-gb-form-editor,gambas3
gambas3-gb-form-htmlview,gambas3
gambas3-gb-form-mdi,gambas3
gambas3-gb-form-stock,gambas3
gambas3-gb-form-terminal,gambas3
gambas3-gb-form,gambas3
gambas3-gb-gmp,gambas3
gambas3-gb-gsl,gambas3
gambas3-gb-gtk3-opengl,gambas3
gambas3-gb-gtk3,gambas3
gambas3-gb-hash,gambas3
gambas3-gb-highlight,gambas3
gambas3-gb-httpd,gambas3
gambas3-gb-image-effect,gambas3
gambas3-gb-image-imlib,gambas3
gambas3-gb-image-io,gambas3
gambas3-gb-image,gambas3
gambas3-gb-inotify,gambas3
gambas3-gb-libxml,gambas3
gambas3-gb-logging,gambas3
gambas3-gb-map,gambas3
gambas3-gb-markdown,gambas3
gambas3-gb-media-form,gambas3
gambas3-gb-media,gambas3
gambas3-gb-memcached,gambas3
gambas3-gb-mime,gambas3
gambas3-gb-mysql,gambas3
gambas3-gb-ncurses,gambas3
gambas3-gb-net-curl,gambas3
gambas3-gb-net-pop3,gambas3
gambas3-gb-net-smtp,gambas3
gambas3-gb-net,gambas3
gambas3-gb-openal,gambas3
gambas3-gb-opengl-glsl,gambas3
gambas3-gb-opengl-glu,gambas3
gambas3-gb-opengl-sge,gambas3
gambas3-gb-opengl,gambas3
gambas3-gb-openssl,gambas3
gambas3-gb-option,gambas3
gambas3-gb-pcre,gambas3
gambas3-gb-poppler,gambas3
gambas3-gb-qt5-opengl,gambas3
gambas3-gb-qt5,gambas3
gambas3-gb-report,gambas3
gambas3-gb-scanner,gambas3
gambas3-gb-sdl2-audio,gambas3
gambas3-gb-sdl2,gambas3
gambas3-gb-settings,gambas3
gambas3-gb-signal,gambas3
gambas3-gb-term,gambas3
gambas3-gb-util-web,gambas3
gambas3-gb-util,gambas3
gambas3-gb-v4l,gambas3
gambas3-gb-vb,gambas3
gambas3-gb-web-feed,gambas3
gambas3-gb-web-form,gambas3
gambas3-gb-web-gui,gambas3
gambas3-gb-web,gambas3
gambas3-gb-xml-html,gambas3
gambas3-gb-xml-rpc,gambas3
gambas3-gb-xml-xslt,gambas3
gambas3-gb-xml,gambas3
gambas3-ide,gambas3
gambas3-runtime,gambas3
gambas3-script,gambas3
garcon,xfce4
gdm,gnome
geary,gnome-extra
geonkick-lv2,lv2-plugins
geonkick-lv2,pro-audio
geonkick-standalone,pro-audio
geonkick-vst3,pro-audio
geonkick-vst3,vst3-plugins
ghex,gnome-extra
ghostwriter,kde-applications
ghostwriter,kde-office
gigedit,pro-audio
gitg,gnome-extra
glade,gnome-extra
gmsynth.lv2,lv2-plugins
gmsynth.lv2,pro-audio
gnome-2048,gnome-extra
gnome-backgrounds,gnome
gnome-boxes,gnome-extra
gnome-builder,gnome-extra
gnome-calculator,gnome
gnome-calendar,gnome
gnome-characters,gnome
gnome-chess,gnome-extra
gnome-clocks,gnome
gnome-color-manager,gnome
gnome-connections,gnome
gnome-console,gnome
gnome-contacts,gnome
gnome-control-center,gnome
gnome-devel-docs,gnome-extra
gnome-dictionary,gnome-extra
gnome-disk-utility,gnome
gnome-font-viewer,gnome
gnome-games,gnome-extra
gnome-keyring,gnome
gnome-klotski,gnome-extra
gnome-logs,gnome
gnome-mahjongg,gnome-extra
gnome-maps,gnome
gnome-menus,gnome
gnome-mines,gnome-extra
gnome-multi-writer,gnome-extra
gnome-music,gnome
gnome-nibbles,gnome-extra
gnome-notes,gnome-extra
gnome-photos,gnome-extra
gnome-recipes,gnome-extra
gnome-remote-desktop,gnome
gnome-robots,gnome-extra
gnome-session,gnome
gnome-settings-daemon,gnome
gnome-shell-extensions,gnome
gnome-shell,gnome
gnome-software,gnome
gnome-sound-recorder,gnome-extra
gnome-sudoku,gnome-extra
gnome-system-monitor,gnome
gnome-taquin,gnome-extra
gnome-terminal,gnome-extra
gnome-tetravex,gnome-extra
gnome-text-editor,gnome
gnome-tour,gnome
gnome-tweaks,gnome-extra
gnome-user-docs,gnome
gnome-user-share,gnome
gnome-weather,gnome
gnustep-base,gnustep-core
gnustep-make,gnustep-core
gpicview,lxde
granatier,kde-applications
granatier,kde-games
granite,pantheon
granite7,pantheon
grantlee-editor,kde-applications
grantlee-editor,kde-pim
grilo-plugins,gnome
gtk-theme-elementary,pantheon
guitarix,lv2-plugins
guitarix,pro-audio
gvfs-afc,gnome
gvfs-dnssd,gnome
gvfs-goa,gnome
gvfs-google,gnome
gvfs-gphoto2,gnome
gvfs-mtp,gnome
gvfs-nfs,gnome
gvfs-onedrive,gnome
gvfs-smb,gnome
gvfs-wsdd,gnome
gvfs,gnome
gwenview,kde-applications
gwenview,kde-graphics
gxplugins.lv2,lv2-plugins
haskell-tidal,pro-audio
hexter,dssi-plugins
hexter,pro-audio
hitori,gnome-extra
hydrogen,pro-audio
hyperv,linux-tools
i3-wm,i3
i3blocks,i3
i3lock,i3
i3status,i3
iagno,gnome-extra
iempluginsuite-standalone,pro-audio
iempluginsuite-vst3,pro-audio
iempluginsuite-vst3,vst3-plugins
index-fm,maui
indicator-china-weather,ukui
infamousplugins,lv2-plugins
infamousplugins,pro-audio
isoimagewriter,kde-applications
isoimagewriter,kde-utilities
itinerary,kde-applications
itinerary,kde-pim
jaaa,pro-audio
jack-example-tools,pro-audio
jack-stdio,pro-audio
jack_capture,pro-audio
jack_delay,pro-audio
jack_mixer,pro-audio
jack_utils,pro-audio
jackmeter,pro-audio
jackminimix,pro-audio
jacktrip,pro-audio
jalv,pro-audio
jami-daemon,jami
jami-qt,jami
japa,pro-audio
jc303-clap,clap-plugins
jc303-clap,pro-audio
jc303-common,pro-audio
jc303-lv2,lv2-plugins
jc303-lv2,pro-audio
jc303-vst3,pro-audio
jc303-vst3,vst3-plugins
jconvolver,pro-audio
jnoisemeter,pro-audio
js80p,pro-audio
js80p,vst3-plugins
jsampler,pro-audio
juk,kde-applications
juk,kde-multimedia
k3b,kde-applications
k3b,kde-multimedia
kactivities-stats5,kf5
kactivities5,kf5
kactivitymanagerd,plasma
kaddressbook,kde-applications
kaddressbook,kde-pim
kajongg,kde-applications
kajongg,kde-games
kalarm,kde-applications
kalarm,kde-pim
kalgebra,kde-applications
kalgebra,kde-education
kalk,kde-applications
kalk,kde-utilities
kalm,kde-applications
kalm,kde-utilities
kalzium,kde-applications
kalzium,kde-education
kamera,kde-applications
kamera,kde-graphics
kamoso,kde-applications
kamoso,kde-multimedia
kanagram,kde-applications
kanagram,kde-education
kapidox,kf6
kapman,kde-applications
kapman,kde-games
kapptemplate,kde-applications
kapptemplate,kde-sdk
karchive,kf6
karchive5,kf5
kasts,kde-applications
kasts,kde-multimedia
kate,kde-applications
kate,kde-utilities
katomic,kde-applications
katomic,kde-games
kauth,kf6
kauth5,kf5
kbackup,kde-applications
kbackup,kde-utilities
kblackbox,kde-applications
kblackbox,kde-games
kblocks,kde-applications
kblocks,kde-games
kbookmarks,kf6
kbookmarks5,kf5
kbounce,kde-applications
kbounce,kde-games
kbreakout,kde-applications
kbreakout,kde-games
kbruch,kde-applications
kbruch,kde-education
kcachegrind,kde-applications
kcachegrind,kde-sdk
kcalc,kde-applications
kcalc,kde-utilities
kcalendarcore,kf6
kcalendarcore5,kf5
kcharselect,kde-applications
kcharselect,kde-utilities
kclock,kde-applications
kclock,kde-utilities
kcmutils,kf6
kcmutils5,kf5
kcodecs,kf6
kcodecs5,kf5
kcolorchooser,kde-applications
kcolorchooser,kde-graphics
kcolorscheme,kf6
kcompletion,kf6
kcompletion5,kf5
kconfig,kf6
kconfig5,kf5
kconfigwidgets,kf6
kconfigwidgets5,kf5
kcontacts,kf6
kcontacts5,kf5
kcoreaddons,kf6
kcoreaddons5,kf5
kcrash,kf6
kcrash5,kf5
kcron,kde-applications
kcron,kde-system
kdav,kf6
kdbusaddons,kf6
kdbusaddons5,kf5
kde-cli-tools,plasma
kde-dev-scripts,kde-applications
kde-dev-scripts,kde-sdk
kde-dev-utils,kde-applications
kde-dev-utils,kde-sdk
kde-gtk-config,plasma
kde-inotify-survey,kde-applications
kde-inotify-survey,kde-system
kdebugsettings,kde-applications
kdebugsettings,kde-utilities
kdeclarative,kf6
kdeclarative5,kf5
kdeconnect,kde-applications
kdeconnect,kde-network
kdecoration,plasma
kded,kf6
kded5,kf5
kdegraphics-thumbnailers,kde-applications
kdegraphics-thumbnailers,kde-graphics
kdenetwork-filesharing,kde-applications
kdenetwork-filesharing,kde-network
kdenlive,kde-applications
kdenlive,kde-multimedia
kdepim-addons,kde-applications
kdepim-addons,kde-pim
kdeplasma-addons,plasma
kdesdk-kio,kde-applications
kdesdk-kio,kde-sdk
kdesdk-thumbnailers,kde-applications
kdesdk-thumbnailers,kde-sdk
kdesu,kf6
kdesu5,kf5
kdevelop-php,kde-applications
kdevelop-php,kdevelop
kdevelop-python,kde-applications
kdevelop-python,kdevelop
kdevelop,kde-applications
kdevelop,kdevelop
kdf,kde-applications
kdf,kde-utilities
kdialog,kde-applications
kdialog,kde-utilities
kdiamond,kde-applications
kdiamond,kde-games
kdnssd,kf6
kdnssd5,kf5
kdoctools,kf6
kdoctools5,kf5
keditbookmarks,kde-applications
keditbookmarks,kde-utilities
keysmith,kde-applications
keysmith,kde-utilities
kfilemetadata,kf6
kfind,kde-applications
kfind,kde-utilities
kfourinline,kde-applications
kfourinline,kde-games
kgamma,plasma
kgeography,kde-applications
kgeography,kde-education
kget,kde-applications
kget,kde-network
kglobalaccel,kf6
kglobalaccel5,kf5
kglobalacceld,plasma
kgoldrunner,kde-applications
kgoldrunner,kde-games
kgpg,kde-applications
kgpg,kde-utilities
kgraphviewer,kde-applications
kgraphviewer,kde-graphics
kguiaddons,kf6
kguiaddons5,kf5
khangman,kde-applications
khangman,kde-education
khelpcenter,kde-applications
khelpcenter,kde-system
kholidays,kf6
kholidays5,kf5
ki18n,kf6
ki18n5,kf5
kiconthemes,kf6
kiconthemes5,kf5
kidletime,kf6
kidletime5,kf5
kig,kde-applications
kig,kde-education
kigo,kde-applications
kigo,kde-games
killbots,kde-applications
killbots,kde-games
kimageformats,kf6
kimageformats5,kf5
kimagemapeditor,kde-applications
kimagemapeditor,kde-graphics
kinfocenter,plasma
kinit,kf5
kio-admin,kde-applications
kio-admin,kde-system
kio-extras,kde-applications
kio-extras,kde-network
kio-gdrive,kde-applications
kio-gdrive,kde-network
kio-zeroconf,kde-applications
kio-zeroconf,kde-network
kio,kf6
kio5,kf5
kirigami-gallery,kde-applications
kirigami-gallery,kde-sdk
kirigami,kf6
kirigami2,kf5
kiriki,kde-applications
kiriki,kde-games
kitemmodels,kf6
kitemmodels5,kf5
kitemviews,kf6
kitemviews5,kf5
kiten,kde-applications
kiten,kde-education
kjobwidgets,kf6
kjobwidgets5,kf5
kjournald,kde-applications
kjournald,kde-system
kjumpingcube,kde-applications
kjumpingcube,kde-games
kleopatra,kde-applications
kleopatra,kde-pim
klettres,kde-applications
klettres,kde-education
klickety,kde-applications
klickety,kde-games
klines,kde-applications
klines,kde-games
kmag,kde-accessibility
kmag,kde-applications
kmahjongg,kde-applications
kmahjongg,kde-games
kmail-account-wizard,kde-applications
kmail-account-wizard,kde-pim
kmail,kde-applications
kmail,kde-pim
kmenuedit,plasma
kmidimon,pro-audio
kmines,kde-applications
kmines,kde-games
kmix,kde-applications
kmix,kde-multimedia
kmousetool,kde-accessibility
kmousetool,kde-applications
kmouth,kde-accessibility
kmouth,kde-applications
kmplot,kde-applications
kmplot,kde-education
knavalbattle,kde-applications
knavalbattle,kde-games
knetwalk,kde-applications
knetwalk,kde-games
knewstuff,kf6
knewstuff5,kf5
knights,kde-applications
knights,kde-games
knotifications,kf6
knotifications5,kf5
knotifyconfig,kf6
knotifyconfig5,kf5
kodi-addon-audioencoder-flac,kodi-addons
kodi-addon-audioencoder-flac,kodi-addons-audioencoder
kodi-addon-audioencoder-lame,kodi-addons
kodi-addon-audioencoder-lame,kodi-addons-audioencoder
kodi-addon-audioencoder-vorbis,kodi-addons
kodi-addon-audioencoder-vorbis,kodi-addons-audioencoder
kodi-addon-audioencoder-wav,kodi-addons
kodi-addon-audioencoder-wav,kodi-addons-audioencoder
kodi-addon-imagedecoder-heif,kodi-addons
kodi-addon-imagedecoder-heif,kodi-addons-imagedecoder
kodi-addon-imagedecoder-raw,kodi-addons
kodi-addon-imagedecoder-raw,kodi-addons-imagedecoder
kodi-addon-inputstream-adaptive,kodi-addons
kodi-addon-inputstream-adaptive,kodi-addons-inputstream
kodi-addon-inputstream-rtmp,kodi-addons
kodi-addon-inputstream-rtmp,kodi-addons-inputstream
kodi-addon-peripheral-joystick,kodi-addons
kodi-addon-peripheral-joystick,kodi-addons-peripheral
kodi-addon-screensaver-asteroids,kodi-addons
kodi-addon-screensaver-asteroids,kodi-addons-screensaver
kodi-addon-screensaver-biogenesis,kodi-addons
kodi-addon-screensaver-biogenesis,kodi-addons-screensaver
kodi-addon-screensaver-greynetic,kodi-addons
kodi-addon-screensaver-greynetic,kodi-addons-screensaver
kodi-addon-screensaver-matrixtrails,kodi-addons
kodi-addon-screensaver-matrixtrails,kodi-addons-screensaver
kodi-addon-screensaver-pingpong,kodi-addons
kodi-addon-screensaver-pingpong,kodi-addons-screensaver
kodi-addon-screensaver-pyro,kodi-addons
kodi-addon-screensaver-pyro,kodi-addons-screensaver
kodi-addon-screensaver-stars,kodi-addons
kodi-addon-screensaver-stars,kodi-addons-screensaver
kodi-addon-visualization-projectm,kodi-addons
kodi-addon-visualization-projectm,kodi-addons-visualization
kodi-addon-visualization-shadertoy,kodi-addons
kodi-addon-visualization-shadertoy,kodi-addons-visualization
kodi-addon-visualization-spectrum,kodi-addons
kodi-addon-visualization-spectrum,kodi-addons-visualization
kodi-addon-visualization-waveform,kodi-addons
kodi-addon-visualization-waveform,kodi-addons-visualization
koko,kde-applications
koko,kde-graphics
kolf,kde-applications
kolf,kde-games
kollision,kde-applications
kollision,kde-games
kolourpaint,kde-applications
kolourpaint,kde-graphics
kompare,kde-applications
kompare,kde-sdk
kongress,kde-applications
kongress,kde-utilities
konqueror,kde-applications
konqueror,kde-network
konquest,kde-applications
konquest,kde-games
konsole,kde-applications
konsole,kde-utilities
kontact,kde-applications
kontact,kde-pim
kontrast,kde-accessibility
kontrast,kde-applications
konversation,kde-applications
konversation,kde-network
korganizer,kde-applications
korganizer,kde-pim
kpackage,kf6
kpackage5,kf5
kparts,kf6
kparts5,kf5
kpat,kde-applications
kpat,kde-games
kpeople,kf6
kpipewire,plasma
kplotting,kf6
kplotting5,kf5
kpty,kf6
kpty5,kf5
kquickcharts,kf6
krdc,kde-applications
krdc,kde-network
krdp,plasma
krecorder,kde-applications
krecorder,kde-utilities
kreversi,kde-applications
kreversi,kde-games
krew,kubectl-plugins
krfb,kde-applications
krfb,kde-network
kruler,kde-applications
kruler,kde-graphics
krunner,kf6
kscreen,plasma
kscreenlocker,plasma
kservice,kf6
kservice5,kf5
kshisen,kde-applications
kshisen,kde-games
ksirk,kde-applications
ksirk,kde-games
ksnakeduel,kde-applications
ksnakeduel,kde-games
kspaceduel,kde-applications
kspaceduel,kde-games
ksquares,kde-applications
ksquares,kde-games
ksshaskpass,plasma
kstatusnotifieritem,kf6
ksudoku,kde-applications
ksudoku,kde-games
ksvg,kf6
ksystemlog,kde-applications
ksystemlog,kde-system
ksystemstats,plasma
kteatime,kde-applications
kteatime,kde-utilities
ktexteditor,kf6
ktexteditor5,kf5
ktexttemplate,kf6
ktextwidgets,kf6
ktextwidgets5,kf5
ktimer,kde-applications
ktimer,kde-utilities
ktorrent,kde-applications
ktorrent,kde-network
ktouch,kde-applications
ktouch,kde-education
ktrip,kde-applications
ktrip,kde-utilities
ktuberling,kde-applications
ktuberling,kde-games
kturtle,kde-applications
kturtle,kde-education
kube-apiserver,kubernetes-control-plane
kube-controller-manager,kubernetes-control-plane
kube-proxy,kubernetes-control-plane
kube-proxy,kubernetes-node
kube-scheduler,kubernetes-control-plane
kubeadm,kubernetes-tools
kubectl-cert-manager,kubectl-plugins
kubectl-ingress-nginx,kubectl-plugins
kubectl,kubernetes-tools
kubelet,kubernetes-control-plane
kubelet,kubernetes-node
kubrick,kde-applications
kubrick,kde-games
kunitconversion,kf6
kunitconversion5,kf5
kwallet-pam,plasma
kwallet,kf6
kwallet5,kf5
kwalletmanager,kde-applications
kwalletmanager,kde-utilities
kwave,kde-applications
kwave,kde-multimedia
kwayland,plasma
kwayland5,kf5
kweather,kde-applications
kweather,kde-utilities
kwidgetsaddons,kf6
kwidgetsaddons5,kf5
kwin,plasma
kwindowsystem,kf6
kwindowsystem5,kf5
kwordquiz,kde-applications
kwordquiz,kde-education
kwrited,plasma
kxmlgui,kf6
kxmlgui5,kf5
kylin-nm,ukui
laborejo,pro-audio
layer-shell-qt,plasma
ldc,dlang
ldc,dlang-ldc
libfprint,fprint
libkscreen,plasma
libksysguard,plasma
liblphobos,dlang
liblphobos,dlang-ldc
libphobos,dlang
libphobos,dlang-dmd
libplasma,plasma
libretro-beetle-pce-fast,libretro
libretro-beetle-pce,libretro
libretro-beetle-psx-hw,libretro
libretro-beetle-psx,libretro
libretro-beetle-supergrafx,libretro
libretro-blastem,libretro
libretro-bsnes-hd,libretro
libretro-bsnes,libretro
libretro-bsnes2014,libretro
libretro-citra,libretro
libretro-core-info,libretro
libretro-desmume,libretro
libretro-dolphin,libretro
libretro-flycast,libretro
libretro-gambatte,libretro
libretro-genesis-plus-gx,libretro
libretro-kronos,libretro
libretro-mame,libretro
libretro-mame2016,libretro
libretro-melonds,libretro
libretro-mesen-s,libretro
libretro-mesen,libretro
libretro-mgba,libretro
libretro-mupen64plus-next,libretro
libretro-nestopia,libretro
libretro-overlays,libretro
libretro-parallel-n64,libretro
libretro-picodrive,libretro
libretro-play,libretro
libretro-ppsspp,libretro
libretro-retrodream,libretro
libretro-sameboy,libretro
libretro-scummvm,libretro
libretro-shaders-slang,libretro
libretro-snes9x,libretro
libretro-yabause,libretro
lightdm-pantheon-greeter,pantheon
lightsoff,gnome-extra
lilypond,pro-audio
linuxsampler,pro-audio
liquidsfz-lv2,lv2-plugins
liquidsfz-lv2,pro-audio
liquidsfz-standalone,pro-audio
lmms,pro-audio
lokalize,kde-applications
lokalize,kde-sdk
loupe,gnome
lskat,kde-applications
lskat,kde-games
lsp-plugins-clap,clap-plugins
lsp-plugins-gst,gstreamer-plugins
lsp-plugins-ladspa,ladspa-plugins
lsp-plugins-lv2,lv2-plugins
lsp-plugins-standalone,pro-audio
lsp-plugins-vst,vst-plugins
lsp-plugins-vst3,vst3-plugins
luppp,pro-audio
lv2-example-plugins,lv2-plugins
lv2-example-plugins,pro-audio
lv2file,lv2-plugins
lv2file,pro-audio
lxappearance-gtk3,lxde-gtk3
lxappearance-obconf-gtk3,lxde-gtk3
lxappearance-obconf,lxde
lxappearance,lxde
lxde-common,lxde
lxde-common,lxde-gtk3
lxde-icon-theme,lxde
lxde-icon-theme,lxde-gtk3
lxdm-gtk3,lxde-gtk3
lxdm,lxde
lxhotkey-gtk3,lxde-gtk3
lxhotkey,lxde
lximage-qt,lxqt
lxinput-gtk3,lxde-gtk3
lxinput,lxde
lxlauncher-gtk3,lxde-gtk3
lxlauncher,lxde
lxmusic,lxde
lxpanel-gtk3,lxde-gtk3
lxpanel,lxde
lxqt-about,lxqt
lxqt-admin,lxqt
lxqt-archiver,lxqt
lxqt-config,lxqt
lxqt-globalkeys,lxqt
lxqt-notificationd,lxqt
lxqt-openssh-askpass,lxqt
lxqt-panel,lxqt
lxqt-policykit,lxqt
lxqt-powermanagement,lxqt
lxqt-qtplugin,lxqt
lxqt-runner,lxqt
lxqt-session,lxqt
lxqt-sudo,lxqt
lxqt-themes,lxqt
lxrandr-gtk3,lxde-gtk3
lxrandr,lxde
lxsession-gtk3,lxde-gtk3
lxsession,lxde
lxtask-gtk3,lxde-gtk3
lxtask,lxde
lxterminal,lxde
lxterminal,lxde-gtk3
malcontent,gnome
marble,kde-applications
marble,kde-education
marco,mate
markdownpart,kde-applications
markdownpart,kde-utilities
massif-visualizer,kde-applications
massif-visualizer,kde-sdk
master_me-clap,clap-plugins
master_me-ladspa,ladspa-plugins
master_me-lv2,lv2-plugins
master_me-vst,vst-plugins
master_me-vst3,vst3-plugins
mate-applets,mate-extra
mate-backgrounds,mate
mate-calc,mate-extra
mate-control-center,mate
mate-desktop,mate
mate-icon-theme-faenza,mate-extra
mate-icon-theme,mate
mate-media,mate-extra
mate-menus,mate
mate-netbook,mate-extra
mate-notification-daemon,mate
mate-panel,mate
mate-polkit,mate
mate-power-manager,mate-extra
mate-screensaver,mate-extra
mate-sensors-applet,mate-extra
mate-session-manager,mate
mate-settings-daemon,mate
mate-system-monitor,mate-extra
mate-terminal,mate-extra
mate-themes,mate
mate-user-guide,mate
mate-user-share,mate-extra
mate-utils,mate-extra
maui-agenda,maui
maui-clip,maui
maui-nota,maui
maui-pix,maui
maui-shelf,maui
maui-station,maui
mbox-importer,kde-applications
mbox-importer,kde-pim
mcp-plugins,ladspa-plugins
mcp-plugins,pro-audio
mda.lv2,lv2-plugins
mda.lv2,pro-audio
mellite,pro-audio
mephisto.lv2,lv2-plugins
mephisto.lv2,pro-audio
merkuro,kde-applications
merkuro,kde-pim
midi_matrix.lv2,lv2-plugins
midi_matrix.lv2,pro-audio
milou,plasma
mingw-w64-binutils,mingw-w64
mingw-w64-binutils,mingw-w64-toolchain
mingw-w64-crt,mingw-w64
mingw-w64-crt,mingw-w64-toolchain
mingw-w64-gcc,mingw-w64
mingw-w64-gcc,mingw-w64-toolchain
mingw-w64-headers,mingw-w64
mingw-w64-headers,mingw-w64-toolchain
mingw-w64-winpthreads,mingw-w64
mingw-w64-winpthreads,mingw-w64-toolchain
minuet,kde-applications
minuet,kde-education
mixxx,pro-audio
modemmanager-qt,kf6
moony.lv2,lv2-plugins
moony.lv2,pro-audio
mousepad,xfce4-goodies
mozo,mate-extra
muse,pro-audio
musescore,pro-audio
nautilus,gnome
neochat,kde-applications
neochat,kde-network
neovim-lspconfig,neovim-plugins
networkmanager-qt,kf6
networkmanager-qt5,kf5
nextcloud-app-bookmarks,nextcloud-apps
nextcloud-app-calendar,nextcloud-apps
nextcloud-app-contacts,nextcloud-apps
nextcloud-app-deck,nextcloud-apps
nextcloud-app-mail,nextcloud-apps
nextcloud-app-notes,nextcloud-apps
nextcloud-app-notify_push,nextcloud-apps
nextcloud-app-spreed,nextcloud-apps
nextcloud-app-tasks,nextcloud-apps
njconnect,pro-audio
noise-repellent,lv2-plugins
noise-repellent,pro-audio
ob-xd-common,pro-audio
ob-xd-lv2,lv2-plugins
ob-xd-lv2,pro-audio
ob-xd-standalone,pro-audio
ob-xd-vst3,pro-audio
ob-xd-vst3,vst3-plugins
ob-xd,pro-audio
obconf-qt,lxqt
ocean-sound-theme,plasma
odin2-synthesizer-clap,clap-plugins
odin2-synthesizer-clap,pro-audio
odin2-synthesizer-common,pro-audio
odin2-synthesizer-lv2,lv2-plugins
odin2-synthesizer-lv2,pro-audio
odin2-synthesizer-standalone,pro-audio
odin2-synthesizer-vst3,pro-audio
odin2-synthesizer-vst3,vst3-plugins
odin2-synthesizer,pro-audio
okular,kde-applications
okular,kde-graphics
openbox,lxde
openbox,lxde-gtk3
openbox,lxqt
opl-synth,pro-audio
opl-synth,vst3-plugins
opnplug-lv2,lv2-plugins
opnplug-lv2,pro-audio
opnplug-standalone,pro-audio
opnplug-vst,pro-audio
opnplug-vst,vst-plugins
orca,gnome
osc2midi,pro-audio
ot-cryptid-clap,clap-plugins
ot-cryptid-clap,pro-audio
ot-cryptid-docs,pro-audio
ot-cryptid-standalone,pro-audio
ot-cryptid-vst3,pro-audio
ot-cryptid-vst3,vst3-plugins
ot-keys-clap,clap-plugins
ot-keys-clap,pro-audio
ot-keys-docs,pro-audio
ot-keys-standalone,pro-audio
ot-keys-vst3,pro-audio
ot-keys-vst3,vst3-plugins
ot-simian-clap,clap-plugins
ot-simian-clap,pro-audio
ot-simian-docs,pro-audio
ot-simian-standalone,pro-audio
ot-simian-vst3,pro-audio
ot-simian-vst3,vst3-plugins
ot-urchin-clap,clap-plugins
ot-urchin-clap,pro-audio
ot-urchin-docs,pro-audio
ot-urchin-standalone,pro-audio
ot-urchin-vst3,pro-audio
ot-urchin-vst3,vst3-plugins
otf-aurulent-nerd,nerd-fonts
otf-codenewroman-nerd,nerd-fonts
otf-comicshanns-nerd,nerd-fonts
otf-commit-mono-nerd,nerd-fonts
otf-droid-nerd,nerd-fonts
otf-firamono-nerd,nerd-fonts
otf-geist-mono-nerd,nerd-fonts
otf-hasklig-nerd,nerd-fonts
otf-hermit-nerd,nerd-fonts
otf-ipaexfont,ipa-fonts
otf-ipafont,ipa-fonts
otf-ipamjfont,ipa-fonts
otf-monaspace-nerd,nerd-fonts
otf-opendyslexic-nerd,nerd-fonts
otf-overpass-nerd,nerd-fonts
oxygen-sounds,plasma
oxygen,plasma
pacquery,archlinux-tools
padthv1-lv2,lv2-plugins
padthv1-lv2,pro-audio
padthv1-standalone,pro-audio
palapeli,kde-applications
palapeli,kde-games
pantheon-applications-menu,pantheon
pantheon-calculator,pantheon
pantheon-calendar,pantheon
pantheon-camera,pantheon
pantheon-code,pantheon
pantheon-default-settings,pantheon
pantheon-files,pantheon
pantheon-geoclue2-agent,pantheon
pantheon-mail,pantheon
pantheon-music,pantheon
pantheon-notifications,pantheon
pantheon-onboarding,pantheon
pantheon-photos,pantheon
pantheon-polkit-agent,pantheon
pantheon-screenshot,pantheon
pantheon-session,pantheon
pantheon-settings-daemon,pantheon
pantheon-shortcut-overlay,pantheon
pantheon-sideload,pantheon
pantheon-tasks,pantheon
pantheon-terminal,pantheon
pantheon-videos,pantheon
parley,kde-applications
parley,kde-education
parole,xfce4-goodies
partitionmanager,kde-applications
partitionmanager,kde-system
patchmatrix,lv2-plugins
patchmatrix,pro-audio
patroneo,pro-audio
pavucontrol-qt,lxqt
pcmanfm-gtk3,lxde-gtk3
pcmanfm-qt,lxqt
pcmanfm,lxde
pd-gem,pd-externals
pd-lua,pd-externals
pd-lua,pro-audio
pd-sfizz,pd-externals
pd-sfizz,pro-audio
pd,pro-audio
peony,ukui
perf,linux-tools
picmi,kde-applications
picmi,kde-games
pim-data-exporter,kde-applications
pim-data-exporter,kde-pim
pim-sieve-editor,kde-applications
pim-sieve-editor,kde-pim
plasma-activities-stats,plasma
plasma-activities,plasma
plasma-browser-integration,plasma
plasma-desktop,plasma
plasma-disks,plasma
plasma-firewall,plasma
plasma-framework5,kf5
plasma-integration,plasma
plasma-nm,plasma
plasma-pa,plasma
plasma-sdk,plasma
plasma-systemmonitor,plasma
plasma-thunderbolt,plasma
plasma-vault,plasma
plasma-welcome,plasma
plasma-workspace-wallpapers,plasma
plasma-workspace,plasma
plasma5support,plasma
plasmatube,kde-applications
plasmatube,kde-multimedia
pluma,mate-extra
plymouth-kcm,plasma
polari,gnome-extra
polkit-kde-agent,plasma
polyphone,pro-audio
powerdevil,plasma
poxml,kde-applications
poxml,kde-sdk
print-manager,plasma
prison,kf6
prison5,kf5
purpose,kf6
purpose5,kf5
pvoc,ladspa-plugins
pvoc,pro-audio
python-flit-core,python-build-backend
python-hatchling,python-build-backend
python-maturin,python-build-backend
python-pdm-backend,python-build-backend
python-poetry-core,python-build-backend
python-pyqt5-webengine,pyqt5
python-pyqt5,pyqt5
python-pyqt6-3d,pyqt6
python-pyqt6-charts,pyqt6
python-pyqt6-datavisualization,pyqt6
python-pyqt6-networkauth,pyqt6
python-pyqt6-webengine,pyqt6
python-pyqt6,pyqt6
python-pysequoia,sequoia
python-setuptools,python-build-backend
qastools,pro-audio
qjackctl,pro-audio
qmidiarp-lv2,lv2-plugins
qmidiarp-lv2,pro-audio
qmidiarp-standalone,pro-audio
qmidictl,pro-audio
qmidinet,pro-audio
qmidiroute,pro-audio
qps,lxqt
qpwgraph,pro-audio
qqc2-breeze-style,plasma
qqc2-desktop-style,kf6
qqc2-desktop-style5,kf5
qsampler,pro-audio
qsynth,pro-audio
qt5-3d,qt5
qt5-base,qt5
qt5-charts,qt5
qt5-connectivity,qt5
qt5-datavis3d,qt5
qt5-declarative,qt5
qt5-doc,qt5
qt5-examples,qt5
qt5-graphicaleffects,qt5
qt5-imageformats,qt5
qt5-location,qt5
qt5-multimedia,qt5
qt5-networkauth,qt5
qt5-quick3d,qt5
qt5-quickcontrols,qt5
qt5-quickcontrols2,qt5
qt5-remoteobjects,qt5
qt5-script,qt5
qt5-scxml,qt5
qt5-sensors,qt5
qt5-serialport,qt5
qt5-speech,qt5
qt5-svg,qt5
qt5-tools,qt5
qt5-translations,qt5
qt5-ukui-platformtheme,ukui
qt5-virtualkeyboard,qt5
qt5-wayland,qt5
qt5-webchannel,qt5
qt5-webengine,qt5
qt5-websockets,qt5
qt5-x11extras,qt5
qt5-xmlpatterns,qt5
qt6-3d,qt6
qt6-5compat,qt6
qt6-base,qt6
qt6-charts,qt6
qt6-connectivity,qt6
qt6-datavis3d,qt6
qt6-declarative,qt6
qt6-doc,qt6
qt6-examples,qt6
qt6-graphs,qt6
qt6-grpc,qt6
qt6-httpserver,qt6
qt6-imageformats,qt6
qt6-languageserver,qt6
qt6-location,qt6
qt6-lottie,qt6
qt6-multimedia,qt6
qt6-networkauth,qt6
qt6-positioning,qt6
qt6-quick3d,qt6
qt6-quick3dphysics,qt6
qt6-quickeffectmaker,qt6
qt6-quicktimeline,qt6
qt6-remoteobjects,qt6
qt6-scxml,qt6
qt6-sensors,qt6
qt6-serialbus,qt6
qt6-serialport,qt6
qt6-shadertools,qt6
qt6-speech,qt6
qt6-svg,qt6
qt6-tools,qt6
qt6-translations,qt6
qt6-virtualkeyboard,qt6
qt6-wayland,qt6
qt6-webchannel,qt6
qt6-webengine,qt6
qt6-websockets,qt6
qt6-webview,qt6
qterminal,lxqt
qtractor,pro-audio
quadrapassel,gnome-extra
qxgedit,pro-audio
realtime-privileges,pro-audio
realtime-privileges,realtime
reaper,pro-audio
retroarch-assets-glui,libretro
retroarch-assets-ozone,libretro
retroarch-assets-xmb,libretro
retroarch,libretro
rev-plugins,ladspa-plugins
rev-plugins,pro-audio
rhvoice-language-albanian,rhvoice
rhvoice-language-brazilian-portuguese,rhvoice
rhvoice-language-english,rhvoice
rhvoice-language-esperanto,rhvoice
rhvoice-language-georgian,rhvoice
rhvoice-language-kyrgyz,rhvoice
rhvoice-language-macedonian,rhvoice
rhvoice-language-polish,rhvoice
rhvoice-language-russian,rhvoice
rhvoice-language-tatar,rhvoice
rhvoice-language-ukrainian,rhvoice
rhvoice-voice-alan,rhvoice
rhvoice-voice-aleksandr-hq,rhvoice
rhvoice-voice-aleksandr,rhvoice
rhvoice-voice-anatol,rhvoice
rhvoice-voice-anna,rhvoice
rhvoice-voice-arina,rhvoice
rhvoice-voice-artemiy,rhvoice
rhvoice-voice-azamat,rhvoice
rhvoice-voice-bdl,rhvoice
rhvoice-voice-clb,rhvoice
rhvoice-voice-elena,rhvoice
rhvoice-voice-evgeniy-eng,rhvoice
rhvoice-voice-evgeniy-rus,rhvoice
rhvoice-voice-hana,rhvoice
rhvoice-voice-irina,rhvoice
rhvoice-voice-kiko,rhvoice
rhvoice-voice-leticia-f123,rhvoice
rhvoice-voice-lyubov,rhvoice
rhvoice-voice-magda,rhvoice
rhvoice-voice-marianna,rhvoice
rhvoice-voice-mikhail,rhvoice
rhvoice-voice-natalia,rhvoice
rhvoice-voice-natan,rhvoice
rhvoice-voice-natia,rhvoice
rhvoice-voice-nazgul,rhvoice
rhvoice-voice-pavel,rhvoice
rhvoice-voice-slt,rhvoice
rhvoice-voice-spomenka,rhvoice
rhvoice-voice-suze,rhvoice
rhvoice-voice-talgat,rhvoice
rhvoice-voice-tatiana,rhvoice
rhvoice-voice-victoria,rhvoice
rhvoice-voice-vitaliy,rhvoice
rhvoice-voice-volodymyr,rhvoice
rhvoice-voice-yuriy,rhvoice
rhvoice,rhvoice
riscv64-linux-gnu-binutils,risc-v
riscv64-linux-gnu-gcc,risc-v
riscv64-linux-gnu-glibc,risc-v
ristretto,xfce4-goodies
rocs,kde-applications
rocs,kde-education
rosegarden,pro-audio
rpacket,openpgp-tools
rsop,stateless-openpgp
rt-tests,realtime
rtirq,realtime
rubberband-ladspa,ladspa-plugins
rubberband-ladspa,pro-audio
rubberband-lv2,lv2-plugins
rubberband-lv2,pro-audio
rubberband-vamp,pro-audio
rubberband-vamp,vamp-plugins
rygel,gnome
samplv1-lv2,lv2-plugins
samplv1-lv2,pro-audio
samplv1-standalone,pro-audio
sc3-plugins,pro-audio
schedtool,realtime
screengrab,lxqt
sddm-kcm,plasma
seahorse,gnome-extra
sequoia-chameleon-gnupg,sequoia
sequoia-keyring-linter,sequoia
sequoia-sop,sequoia
sequoia-sop,stateless-openpgp
sequoia-sq,sequoia
sequoia-sqv,sequoia
setbfree-lv2,lv2-plugins
setbfree-lv2,pro-audio
setbfree-standalone,pro-audio
sfizz-lv2,lv2-plugins
sfizz-lv2,pro-audio
sfizz-standalone,pro-audio
sfizz-vst3,pro-audio
sfizz-vst3,vst3-plugins
sg-323-clap,clap-plugins
sg-323-clap,pro-audio
sg-323-vst3,pro-audio
sg-323-vst3,vst3-plugins
sherlock.lv2,lv2-plugins
sherlock.lv2,pro-audio
signon-kwallet-extension,kde-applications
signon-kwallet-extension,kde-network
simple-scan,gnome
skanlite,kde-applications
skanlite,kde-graphics
skanpage,kde-applications
skanpage,kde-utilities
skladnik,kde-applications
skladnik,kde-games
snapshot,gnome
snd,pro-audio
solid,kf6
solid5,kf5
sonic-visualiser,pro-audio
sonnet,kf6
sonnet5,kf5
sorcer,lv2-plugins
sorcer,pro-audio
sound-gambit,pro-audio
sound-theme-elementary,pantheon
spectacle,kde-applications
spectacle,kde-graphics
spectmorph-clap,clap-plugins
spectmorph-clap,pro-audio
spectmorph-lv2,lv2-plugins
spectmorph-lv2,pro-audio
spectmorph-tools,pro-audio
spectmorph-vst,pro-audio
spectmorph-vst,vst-plugins
spike,risc-v
spirv-tools,vulkan-devel
ssr,pro-audio
startdde,deepin
step,kde-applications
step,kde-education
stochas-clap,clap-plugins
stochas-clap,pro-audio
stochas-standalone,pro-audio
stochas-vst3,pro-audio
stochas-vst3,vst3-plugins
strike,maui
sugar-activity-browse,sugar-fructose
sugar-activity-calculate,sugar-fructose
sugar-activity-chat,sugar-fructose
sugar-activity-clock,sugar-fructose
sugar-activity-imageviewer,sugar-fructose
sugar-activity-jukebox,sugar-fructose
sugar-activity-log,sugar-fructose
sugar-activity-paint,sugar-fructose
sugar-activity-pippy,sugar-fructose
sugar-activity-read,sugar-fructose
sugar-activity-terminal,sugar-fructose
sugar-activity-turtleart,sugar-fructose
sugar-activity-write,sugar-fructose
supercollider,pro-audio
surge-xt-clap,clap-plugins
surge-xt-clap,pro-audio
surge-xt-common,pro-audio
surge-xt-standalone,pro-audio
surge-xt-vst3,pro-audio
surge-xt-vst3,vst3-plugins
surge-xt,pro-audio
sushi,gnome
svgpart,kde-applications
svgpart,kde-graphics
sweeper,kde-applications
sweeper,kde-utilities
swell-foop,gnome-extra
swh-plugins,ladspa-plugins
swh-plugins,pro-audio
switchboard-plug-about,pantheon
switchboard-plug-applications,pantheon
switchboard-plug-bluetooth,pantheon
switchboard-plug-datetime,pantheon
switchboard-plug-desktop,pantheon
switchboard-plug-display,pantheon
switchboard-plug-keyboard,pantheon
switchboard-plug-locale,pantheon
switchboard-plug-mouse-touchpad,pantheon
switchboard-plug-network,pantheon
switchboard-plug-notifications,pantheon
switchboard-plug-online-accounts,pantheon
switchboard-plug-parental-controls,pantheon
switchboard-plug-power,pantheon
switchboard-plug-printers,pantheon
switchboard-plug-security-privacy,pantheon
switchboard-plug-sharing,pantheon
switchboard-plug-sound,pantheon
switchboard-plug-user-accounts,pantheon
switchboard-plug-wacom,pantheon
switchboard,pantheon
syndication,kf6
syndication5,kf5
syntax-highlighting,kf6
syntax-highlighting5,kf5
synthv1-lv2,lv2-plugins
synthv1-lv2,pro-audio
synthv1-standalone,pro-audio
sysprof,gnome-extra
systemsettings,plasma
tali,gnome-extra
tecla,gnome
telepathy-gabble,telepathy
telepathy-idle,telepathy
telepathy-salut,telepathy
telly-skout,kde-applications
telly-skout,kde-utilities
tembro,pro-audio
tenacity,pro-audio
tesseract-data-afr,tesseract-data
tesseract-data-amh,tesseract-data
tesseract-data-ara,tesseract-data
tesseract-data-asm,tesseract-data
tesseract-data-aze,tesseract-data
tesseract-data-aze_cyrl,tesseract-data
tesseract-data-bel,tesseract-data
tesseract-data-ben,tesseract-data
tesseract-data-bod,tesseract-data
tesseract-data-bos,tesseract-data
tesseract-data-bre,tesseract-data
tesseract-data-bul,tesseract-data
tesseract-data-cat,tesseract-data
tesseract-data-ceb,tesseract-data
tesseract-data-ces,tesseract-data
tesseract-data-chi_sim,tesseract-data
tesseract-data-chi_sim_vert,tesseract-data
tesseract-data-chi_tra,tesseract-data
tesseract-data-chi_tra_vert,tesseract-data
tesseract-data-chr,tesseract-data
tesseract-data-cos,tesseract-data
tesseract-data-cym,tesseract-data
tesseract-data-dan,tesseract-data
tesseract-data-dan_frak,tesseract-data
tesseract-data-deu,tesseract-data
tesseract-data-deu_frak,tesseract-data
tesseract-data-div,tesseract-data
tesseract-data-dzo,tesseract-data
tesseract-data-ell,tesseract-data
tesseract-data-eng,tesseract-data
tesseract-data-enm,tesseract-data
tesseract-data-epo,tesseract-data
tesseract-data-equ,tesseract-data
tesseract-data-est,tesseract-data
tesseract-data-eus,tesseract-data
tesseract-data-fao,tesseract-data
tesseract-data-fas,tesseract-data
tesseract-data-fil,tesseract-data
tesseract-data-fin,tesseract-data
tesseract-data-fra,tesseract-data
tesseract-data-frk,tesseract-data
tesseract-data-frm,tesseract-data
tesseract-data-fry,tesseract-data
tesseract-data-gla,tesseract-data
tesseract-data-gle,tesseract-data
tesseract-data-glg,tesseract-data
tesseract-data-grc,tesseract-data
tesseract-data-guj,tesseract-data
tesseract-data-hat,tesseract-data
tesseract-data-heb,tesseract-data
tesseract-data-hin,tesseract-data
tesseract-data-hrv,tesseract-data
tesseract-data-hun,tesseract-data
tesseract-data-hye,tesseract-data
tesseract-data-iku,tesseract-data
tesseract-data-ind,tesseract-data
tesseract-data-isl,tesseract-data
tesseract-data-ita,tesseract-data
tesseract-data-ita_old,tesseract-data
tesseract-data-jav,tesseract-data
tesseract-data-jpn,tesseract-data
tesseract-data-jpn_vert,tesseract-data
tesseract-data-kan,tesseract-data
tesseract-data-kat,tesseract-data
tesseract-data-kat_old,tesseract-data
tesseract-data-kaz,tesseract-data
tesseract-data-khm,tesseract-data
tesseract-data-kir,tesseract-data
tesseract-data-kmr,tesseract-data
tesseract-data-kor,tesseract-data
tesseract-data-kor_vert,tesseract-data
tesseract-data-lao,tesseract-data
tesseract-data-lat,tesseract-data
tesseract-data-lav,tesseract-data
tesseract-data-lit,tesseract-data
tesseract-data-ltz,tesseract-data
tesseract-data-mal,tesseract-data
tesseract-data-mar,tesseract-data
tesseract-data-mkd,tesseract-data
tesseract-data-mlt,tesseract-data
tesseract-data-mon,tesseract-data
tesseract-data-mri,tesseract-data
tesseract-data-msa,tesseract-data
tesseract-data-mya,tesseract-data
tesseract-data-nep,tesseract-data
tesseract-data-nld,tesseract-data
tesseract-data-nor,tesseract-data
tesseract-data-oci,tesseract-data
tesseract-data-ori,tesseract-data
tesseract-data-pan,tesseract-data
tesseract-data-pol,tesseract-data
tesseract-data-por,tesseract-data
tesseract-data-pus,tesseract-data
tesseract-data-que,tesseract-data
tesseract-data-ron,tesseract-data
tesseract-data-rus,tesseract-data
tesseract-data-san,tesseract-data
tesseract-data-sin,tesseract-data
tesseract-data-slk,tesseract-data
tesseract-data-slk_frak,tesseract-data
tesseract-data-slv,tesseract-data
tesseract-data-snd,tesseract-data
tesseract-data-spa,tesseract-data
tesseract-data-spa_old,tesseract-data
tesseract-data-sqi,tesseract-data
tesseract-data-srp,tesseract-data
tesseract-data-srp_latn,tesseract-data
tesseract-data-sun,tesseract-data
tesseract-data-swa,tesseract-data
tesseract-data-swe,tesseract-data
tesseract-data-syr,tesseract-data
tesseract-data-tam,tesseract-data
tesseract-data-tat,tesseract-data
tesseract-data-tel,tesseract-data
tesseract-data-tgk,tesseract-data
tesseract-data-tgl,tesseract-data
tesseract-data-tha,tesseract-data
tesseract-data-tir,tesseract-data
tesseract-data-ton,tesseract-data
tesseract-data-tur,tesseract-data
tesseract-data-uig,tesseract-data
tesseract-data-ukr,tesseract-data
tesseract-data-urd,tesseract-data
tesseract-data-uzb,tesseract-data
tesseract-data-uzb_cyrl,tesseract-data
tesseract-data-vie,tesseract-data
tesseract-data-yid,tesseract-data
tesseract-data-yor,tesseract-data
texlive-basic,texlive
texlive-bibtexextra,texlive
texlive-binextra,texlive
texlive-context,texlive
texlive-fontsextra,texlive
texlive-fontsrecommended,texlive
texlive-fontutils,texlive
texlive-formatsextra,texlive
texlive-games,texlive
texlive-humanities,texlive
texlive-langarabic,texlive-lang
texlive-langchinese,texlive-lang
texlive-langcjk,texlive-lang
texlive-langcyrillic,texlive-lang
texlive-langczechslovak,texlive-lang
texlive-langenglish,texlive-lang
texlive-langeuropean,texlive-lang
texlive-langfrench,texlive-lang
texlive-langgerman,texlive-lang
texlive-langgreek,texlive-lang
texlive-langitalian,texlive-lang
texlive-langjapanese,texlive-lang
texlive-langkorean,texlive-lang
texlive-langother,texlive-lang
texlive-langpolish,texlive-lang
texlive-langportuguese,texlive-lang
texlive-langspanish,texlive-lang
texlive-latex,texlive
texlive-latexextra,texlive
texlive-latexrecommended,texlive
texlive-luatex,texlive
texlive-mathscience,texlive
texlive-metapost,texlive
texlive-music,texlive
texlive-pictures,texlive
texlive-plaingeneric,texlive
texlive-pstricks,texlive
texlive-publishers,texlive
texlive-xetex,texlive
threadweaver,kf6
threadweaver5,kf5
thunar-archive-plugin,xfce4-goodies
thunar-media-tags-plugin,xfce4-goodies
thunar-volman,xfce4
thunar,xfce4
thunderbird-dark-reader,thunderbird-addons
thunderbird-ublock-origin,thunderbird-addons
timidity++,pro-audio
tinyemu,risc-v
tmon,linux-tools
tokodon,kde-applications
tokodon,kde-network
totem,gnome
tree-sitter-bash,tree-sitter-grammars
tree-sitter-c,tree-sitter-grammars
tree-sitter-javascript,tree-sitter-grammars
tree-sitter-lua,tree-sitter-grammars
tree-sitter-markdown,tree-sitter-grammars
tree-sitter-python,tree-sitter-grammars
tree-sitter-query,tree-sitter-grammars
tree-sitter-rust,tree-sitter-grammars
tree-sitter-vim,tree-sitter-grammars
tree-sitter-vimdoc,tree-sitter-grammars
ttf-0xproto-nerd,nerd-fonts
ttf-3270-nerd,nerd-fonts
ttf-agave-nerd,nerd-fonts
ttf-anonymouspro-nerd,nerd-fonts
ttf-arimo-nerd,nerd-fonts
ttf-bigblueterminal-nerd,nerd-fonts
ttf-bitstream-vera-mono-nerd,nerd-fonts
ttf-cascadia-code-nerd,nerd-fonts
ttf-cascadia-mono-nerd,nerd-fonts
ttf-cousine-nerd,nerd-fonts
ttf-d2coding-nerd,nerd-fonts
ttf-daddytime-mono-nerd,nerd-fonts
ttf-dejavu-nerd,nerd-fonts
ttf-envycoder-nerd,nerd-fonts
ttf-fantasque-nerd,nerd-fonts
ttf-firacode-nerd,nerd-fonts
ttf-go-nerd,nerd-fonts
ttf-gohu-nerd,nerd-fonts
ttf-hack-nerd,nerd-fonts
ttf-heavydata-nerd,nerd-fonts
ttf-iawriter-nerd,nerd-fonts
ttf-ibmplex-mono-nerd,nerd-fonts
ttf-inconsolata-go-nerd,nerd-fonts
ttf-inconsolata-lgc-nerd,nerd-fonts
ttf-inconsolata-nerd,nerd-fonts
ttf-intone-nerd,nerd-fonts
ttf-iosevka-nerd,nerd-fonts
ttf-iosevkaterm-nerd,nerd-fonts
ttf-iosevkatermslab-nerd,nerd-fonts
ttf-jetbrains-mono-nerd,nerd-fonts
ttf-lekton-nerd,nerd-fonts
ttf-liberation-mono-nerd,nerd-fonts
ttf-lilex-nerd,nerd-fonts
ttf-martian-mono-nerd,nerd-fonts
ttf-meslo-nerd,nerd-fonts
ttf-monofur-nerd,nerd-fonts
ttf-monoid-nerd,nerd-fonts
ttf-mononoki-nerd,nerd-fonts
ttf-mplus-nerd,nerd-fonts
ttf-nerd-fonts-symbols-mono,nerd-fonts
ttf-nerd-fonts-symbols,nerd-fonts
ttf-noto-nerd,nerd-fonts
ttf-profont-nerd,nerd-fonts
ttf-proggyclean-nerd,nerd-fonts
ttf-recursive-nerd,nerd-fonts
ttf-roboto-mono-nerd,nerd-fonts
ttf-sharetech-mono-nerd,nerd-fonts
ttf-sourcecodepro-nerd,nerd-fonts
ttf-space-mono-nerd,nerd-fonts
ttf-terminus-nerd,nerd-fonts
ttf-tinos-nerd,nerd-fonts
ttf-ubuntu-mono-nerd,nerd-fonts
ttf-ubuntu-nerd,nerd-fonts
ttf-victor-mono-nerd,nerd-fonts
ttf-zed-mono-nerd,nerd-fonts
tumbler,xfce4
tuna,realtime
turbostat,linux-tools
ukui-biometric-auth,ukui
ukui-control-center,ukui
ukui-greeter,ukui
ukui-interface,ukui
ukui-media,ukui
ukui-menu,ukui
ukui-menus,ukui
ukui-notebook,ukui
ukui-panel,ukui
ukui-power-manager,ukui
ukui-screensaver,ukui
ukui-session-manager,ukui
ukui-settings-daemon,ukui
ukui-sidebar,ukui
ukui-system-monitor,ukui
ukui-themes,ukui
ukui-wallpapers,ukui
ukui-window-switch,ukui
ukwm,ukui
umbrello,kde-applications
umbrello,kde-sdk
usbip,linux-tools
vamp-aubio-plugins,pro-audio
vamp-plugin-sdk,pro-audio
vaporizer2-clap,clap-plugins
vaporizer2-clap,pro-audio
vaporizer2-common,pro-audio
vaporizer2-lv2,lv2-plugins
vaporizer2-lv2,pro-audio
vaporizer2-standalone,pro-audio
vaporizer2-vst3,pro-audio
vaporizer2-vst3,vst3-plugins
vco-plugins,ladspa-plugins
vco-plugins,pro-audio
vim-airline-themes,vim-plugins
vim-airline,vim-plugins
vim-ale,vim-plugins
vim-ansible,vim-plugins
vim-auto-pairs,vim-plugins
vim-bufexplorer,vim-plugins
vim-csound,vim-plugins
vim-ctrlp,vim-plugins
vim-devicons,vim-plugins
vim-easymotion,vim-plugins
vim-fugitive,vim-plugins
vim-gitgutter,vim-plugins
vim-grammalecte,vim-plugins
vim-indent-object,vim-plugins
vim-jad,vim-plugins
vim-jedi,vim-plugins
vim-latexsuite,vim-plugins
vim-molokai,vim-plugins
vim-nerdcommenter,vim-plugins
vim-nerdtree,vim-plugins
vim-powerline,vim-plugins
vim-seti,vim-plugins
vim-supertab,vim-plugins
vim-surround,vim-plugins
vim-syntastic,vim-plugins
vim-tabular,vim-plugins
vim-tagbar,vim-plugins
vim-ultisnips,vim-plugins
vim-vital,vim-plugins
vm.lv2,lv2-plugins
vm.lv2,pro-audio
vmpk,pro-audio
vulkan-extra-layers,vulkan-devel
vulkan-extra-tools,vulkan-devel
vulkan-headers,vulkan-devel
vulkan-html-docs,vulkan-devel
vulkan-tools,vulkan-devel
vulkan-utility-libraries,vulkan-devel
vulkan-validation-layers,vulkan-devel
vvave,maui
wacomtablet,plasma
wah-plugins,ladspa-plugins
wah-plugins,pro-audio
wingpanel-indicator-a11y,pantheon
wingpanel-indicator-bluetooth,pantheon
wingpanel-indicator-datetime,pantheon
wingpanel-indicator-keyboard,pantheon
wingpanel-indicator-network,pantheon
wingpanel-indicator-nightlight,pantheon
wingpanel-indicator-notifications,pantheon
wingpanel-indicator-power,pantheon
wingpanel-indicator-session,pantheon
wingpanel-indicator-sound,pantheon
wingpanel,pantheon
wkd-exporter,openpgp-tools
wolf-shaper-clap,clap-plugins
wolf-shaper-dssi,dssi-plugins
wolf-shaper-dssi,pro-audio
wolf-shaper-lv2,lv2-plugins
wolf-shaper-lv2,pro-audio
wolf-shaper-vst,pro-audio
wolf-shaper-vst,vst-plugins
wolf-shaper-vst3,pro-audio
wolf-shaper-vst3,vst3-plugins
wolf-spectrum,lv2-plugins
wolf-spectrum,pro-audio
wolf-spectrum,vst-plugins
x42-plugins-lv2,lv2-plugins
x42-plugins-lv2,pro-audio
x42-plugins-standalone,pro-audio
x86_energy_perf_policy,linux-tools
xdg-desktop-portal-cosmic,cosmic
xdg-desktop-portal-dde,deepin
xdg-desktop-portal-gnome,gnome
xdg-desktop-portal-kde,plasma
xdg-desktop-portal-lxqt,lxqt
xdg-user-dirs-gtk,gnome
xed,x-apps
xf86-input-evdev,xorg-drivers
xf86-input-libinput,xorg-drivers
xf86-input-synaptics,xorg-drivers
xf86-input-vmmouse,xorg-drivers
xf86-input-void,xorg-drivers
xf86-video-amdgpu,xorg-drivers
xf86-video-ati,xorg-drivers
xf86-video-dummy,xorg-drivers
xf86-video-fbdev,xorg-drivers
xf86-video-intel,xorg-drivers
xf86-video-nouveau,xorg-drivers
xf86-video-qxl,xorg-drivers
xf86-video-vesa,xorg
xf86-video-vesa,xorg-drivers
xf86-video-vmware,xorg-drivers
xf86-video-voodoo,xorg-drivers
xfburn,xfce4-goodies
xfce4-appfinder,xfce4
xfce4-artwork,xfce4-goodies
xfce4-battery-plugin,xfce4-goodies
xfce4-clipman-plugin,xfce4-goodies
xfce4-cpufreq-plugin,xfce4-goodies
xfce4-cpugraph-plugin,xfce4-goodies
xfce4-dict,xfce4-goodies
xfce4-diskperf-plugin,xfce4-goodies
xfce4-eyes-plugin,xfce4-goodies
xfce4-fsguard-plugin,xfce4-goodies
xfce4-genmon-plugin,xfce4-goodies
xfce4-mailwatch-plugin,xfce4-goodies
xfce4-mount-plugin,xfce4-goodies
xfce4-mpc-plugin,xfce4-goodies
xfce4-netload-plugin,xfce4-goodies
xfce4-notes-plugin,xfce4-goodies
xfce4-notifyd,xfce4-goodies
xfce4-panel,xfce4
xfce4-places-plugin,xfce4-goodies
xfce4-power-manager,xfce4
xfce4-pulseaudio-plugin,xfce4-goodies
xfce4-screensaver,xfce4-goodies
xfce4-screenshooter,xfce4-goodies
xfce4-sensors-plugin,xfce4-goodies
xfce4-session,xfce4
xfce4-settings,xfce4
xfce4-smartbookmark-plugin,xfce4-goodies
xfce4-systemload-plugin,xfce4-goodies
xfce4-taskmanager,xfce4-goodies
xfce4-terminal,xfce4
xfce4-time-out-plugin,xfce4-goodies
xfce4-timer-plugin,xfce4-goodies
xfce4-verve-plugin,xfce4-goodies
xfce4-wavelan-plugin,xfce4-goodies
xfce4-weather-plugin,xfce4-goodies
xfce4-whiskermenu-plugin,xfce4-goodies
xfce4-xkb-plugin,xfce4-goodies
xfconf,xfce4
xfdesktop,xfce4
xfwm4-themes,xfce4
xfwm4,xfce4
xmonk.lv2,lv2-plugins
xmonk.lv2,pro-audio
xorg-bdftopcf,xorg
xorg-bdftopcf,xorg-apps
xorg-docs,xorg
xorg-font-util,xorg
xorg-font-util,xorg-fonts
xorg-fonts-100dpi,xorg
xorg-fonts-75dpi,xorg
xorg-fonts-encodings,xorg
xorg-fonts-encodings,xorg-fonts
xorg-iceauth,xorg
xorg-iceauth,xorg-apps
xorg-mkfontscale,xorg
xorg-mkfontscale,xorg-apps
xorg-server-common,xorg
xorg-server-devel,xorg
xorg-server-xephyr,xorg
xorg-server-xnest,xorg
xorg-server-xvfb,xorg
xorg-server,xorg
xorg-sessreg,xorg
xorg-sessreg,xorg-apps
xorg-setxkbmap,xorg
xorg-setxkbmap,xorg-apps
xorg-smproxy,xorg
xorg-smproxy,xorg-apps
xorg-x11perf,xorg
xorg-x11perf,xorg-apps
xorg-xauth,xorg
xorg-xauth,xorg-apps
xorg-xbacklight,xorg
xorg-xbacklight,xorg-apps
xorg-xcmsdb,xorg
xorg-xcmsdb,xorg-apps
xorg-xcursorgen,xorg
xorg-xcursorgen,xorg-apps
xorg-xdpyinfo,xorg
xorg-xdpyinfo,xorg-apps
xorg-xdriinfo,xorg
xorg-xdriinfo,xorg-apps
xorg-xev,xorg
xorg-xev,xorg-apps
xorg-xgamma,xorg
xorg-xgamma,xorg-apps
xorg-xhost,xorg
xorg-xhost,xorg-apps
xorg-xinput,xorg
xorg-xinput,xorg-apps
xorg-xkbcomp,xorg
xorg-xkbcomp,xorg-apps
xorg-xkbevd,xorg
xorg-xkbevd,xorg-apps
xorg-xkbprint,xorg-apps
xorg-xkbutils,xorg
xorg-xkbutils,xorg-apps
xorg-xkill,xorg
xorg-xkill,xorg-apps
xorg-xlsatoms,xorg
xorg-xlsatoms,xorg-apps
xorg-xlsclients,xorg
xorg-xlsclients,xorg-apps
xorg-xmodmap,xorg
xorg-xmodmap,xorg-apps
xorg-xpr,xorg
xorg-xpr,xorg-apps
xorg-xprop,xorg
xorg-xprop,xorg-apps
xorg-xrandr,xorg
xorg-xrandr,xorg-apps
xorg-xrdb,xorg
xorg-xrdb,xorg-apps
xorg-xrefresh,xorg
xorg-xrefresh,xorg-apps
xorg-xset,xorg
xorg-xset,xorg-apps
xorg-xsetroot,xorg
xorg-xsetroot,xorg-apps
xorg-xvinfo,xorg
xorg-xvinfo,xorg-apps
xorg-xwayland,xorg
xorg-xwd,xorg
xorg-xwd,xorg-apps
xorg-xwininfo,xorg
xorg-xwininfo,xorg-apps
xorg-xwud,xorg
xorg-xwud,xorg-apps
xreader,x-apps
yabridge,pro-audio
yakuake,kde-applications
yakuake,kde-utilities
yass,pro-audio
yelp,gnome
yoshimi-lv2,lv2-plugins
yoshimi-lv2,pro-audio
yoshimi-standalone,pro-audio
zam-plugins-clap,clap-plugins
zam-plugins-clap,pro-audio
zam-plugins-ladspa,ladspa-plugins
zam-plugins-ladspa,pro-audio
zam-plugins-lv2,lv2-plugins
zam-plugins-lv2,pro-audio
zam-plugins-vst,pro-audio
zam-plugins-vst,vst-plugins
zam-plugins-vst3,pro-audio
zam-plugins-vst3,vst3-plugins
zanshin,kde-applications
zanshin,kde-pim
zita-ajbridge,pro-audio
zita-at1,pro-audio
zita-bls1,pro-audio
zita-dc1,pro-audio
zita-dpl1,pro-audio
zita-lrx,pro-audio
zita-mu1,pro-audio
zita-njbridge,pro-audio
zita-rev1,pro-audio
zynaddsubfx,lv2-plugins
zynaddsubfx,pro-audio
zynaddsubfx,vst-plugins
